x,y,xvel,yvel
-2164,2167,0,0
-2164,2167,0,0
-2164,2167,0,0
-2164,2167,0,0
-2164,2167,0,0
-2164,2167,0,0
-2164,2167,0,0
-2164,2167,0,0
-2164,2167,0,0
-2164,2167,0,0
-2164,2167,0,0
-2164,2167,0,0
-2164,2167,0,0
-2164,2167,0,0
-2164,2167,0,0
-2164,2167,0,0
-2164,2167,0,0
-2164,2167,0,0
-2164,2167,0,0
-2164,2167,0,0
-2164,2167,0,0
-2164,2167,0,0
-2164,2167,0,0
-2164,2167,0,0
-2164,2167,0,0
-2164,2167,0,0
-2164,2167,0,0
-2164,2167,0,0
-2164,2167,0,0
-2164,2167,0,0
-2164,2167,0,0
-2164,2167,0,0
-2164,2167,0,0
-2164,2167,0,0
-2164,2167,0,0
-2164,2167,0,0
-2164,2167,0,0
-2164,2167,0,0
-2164,2167,0,0
-2164,2167,0,0
-2164,2167,0,0
-2164,2167,0,0
-2164,2167,0,0
-2164,2167,0,0
-2164,2167,0,0
-2164,2167,0,0
-2164,2167,0,0
-2164,2167,0,0
-2164,2167,0,0
-2164,2167,0,0
-2164,2167,0,0
-2164,2167,0,0
-2164,2167,0,0
-2164,2167,-264,-259
-2164,2167,8,-260
-2164,2167,12,-283
-2164,2167,-133,91
-2165,2168,-585,-79
-2167,2169,-207,136
-2168,2171,-165,352
-2168,2173,-135,273
-2169,2174,-369,328
-2169,1920,-301,-51
-2170,1921,-278,319
-2170,1922,-261,304
-2170,1924,3,294
-2170,1925,8,312
-2170,1927,-257,356
-2170,1929,-263,141
-2170,1931,-276,194
-2170,1933,-296,201
-2170,1936,-313,219
-2170,1938,-331,254
-2171,1941,-349,549
-2171,1944,-358,545
-2172,1947,-349,407
-2172,1950,-322,521
-2173,1951,-298,-14
-2173,1952,-294,-89
-2173,1953,113,-122
-2172,1955,-63,314
-2171,1956,-297,355
-2172,1958,-331,333
-2172,1959,-264,32
-2173,1960,-435,318
-2175,1961,-596,-34
-2176,1963,-151,273
-1921,1964,-353,-15
-1921,1965,-301,-9
-1921,1966,-257,-36
-1921,1968,27,-46
-1921,1969,39,-66
-1921,1970,50,-58
-2176,1970,46,-72
-2176,1972,34,-35
-2176,1973,13,-24
-2176,1974,-265,-12
-2176,1975,-288,-7
-2176,1976,-303,-18
-1921,1978,-302,257
-1921,1979,-305,-8
-1921,1980,-302,286
-1921,1981,-295,260
-1921,1983,-278,262
-1922,1984,-269,-4
-1922,1985,-266,259
-1922,1987,-264,-6
-1922,1988,-266,-29
-1922,1989,-267,276
-1922,1990,-269,261
-1922,1992,-101,83
-1921,1993,-51,-41
-2176,1993,-76,-85
-2176,1995,-368,362
-1921,1996,-404,-36
-1922,1997,-318,-309
-1924,1997,-575,19
-1925,1997,-249,-274
-1926,1997,-530,-295
-1928,1997,-528,-339
-1929,1996,-570,-303
-1931,1996,-597,-329
-1933,1996,-583,-310
-1934,1995,-624,-307
-1936,1995,-397,-302
-1938,1995,-404,-309
-1940,1995,-439,-279
-1943,1995,-462,-260
-1945,1995,-454,-257
-1947,1995,-462,-262
-1950,1995,-489,10
-1952,1995,-474,-280
-1955,1995,-644,-102
-1958,1996,-479,11
-1960,1996,-559,27
-1961,1996,-531,26
-1962,1996,-250,24
-1963,1995,-330,-205
-1963,1994,-372,-240
-1964,1993,-254,-175
-1966,1993,-555,-103
-1967,1994,-537,40
-1968,1994,-234,60
-1969,1994,-134,-278
-1970,1995,5,65
-1968,1995,-25,70
-1967,1995,136,-332
-1965,1994,127,-189
-1965,1994,91,-158
-1964,1993,-19,81
-1962,1995,145,431
-1960,1999,350,593
-1959,2001,327,185
-1957,2003,293,-18
-1956,2004,286,-67
-1954,2005,282,-99
-1953,2005,274,120
-1952,2006,-289,-5
-1952,2007,-297,-46
-1952,2008,-329,-60
-1953,2009,-342,79
-1953,2009,-193,-76
-1954,2010,-165,-105
-1955,2011,-151,-120
-1956,2011,-374,103
-1956,2012,-368,-123
-1957,2013,-360,-90
-1957,2014,-344,-46
-1958,2015,-321,-37
-1958,2016,-332,-23
-1958,2017,-346,-42
-1959,2018,-132,-19
-1959,2020,21,346
-1960,2021,-163,360
-1961,2023,-380,317
-1961,2025,-133,298
-1962,2026,-135,270
-1963,2027,-306,25
-1963,2028,-129,-126
-1964,2028,-514,15
-1965,2029,-562,-47
-1967,2030,-545,-70
-1968,2031,-329,31
-1969,2031,-129,-101
-1969,2032,-151,-79
-1970,2033,-149,-78
-1971,2034,-133,-95
-1971,2034,-380,-105
-1972,2035,-368,-109
-1973,2036,-369,-109
-1973,2037,-366,-107
-1974,2037,-367,-87
-1974,2038,-138,-63
-1975,2039,-154,-32
-1976,2041,-161,-30
-1977,2042,-177,-32
-1978,2043,-198,-65
-1979,2044,-148,-95
-1980,2044,-617,123
-1982,2045,-626,125
-1983,2046,-591,-95
-1985,2047,-577,-81
-1985,2047,-375,-305
-1986,2304,-361,66
-1987,2304,-195,-99
-1988,2305,-148,-12
-1988,2306,-356,-32
-1988,2308,-112,270
-1987,2309,-57,-18
-1986,2310,-31,-83
-1984,2311,164,-59
-1982,2312,344,-126
-1981,2312,317,115
-1979,2313,310,105
-1978,2313,306,111
-1976,2314,344,-113
-1974,2315,355,-67
-1972,2316,371,-59
-1971,2317,150,-43
-1968,2318,148,-25
-1966,2319,172,-22
-1964,2320,181,-5
-1962,2321,161,-29
-1960,2322,188,-29
-1958,2324,182,-27
-1955,2325,193,-44
-1953,2326,210,-29
-1951,2327,193,-15
-1949,2329,528,201
-1946,2331,201,312
-1946,2332,-354,373
-1947,2333,-152,262
-1947,2335,7,-19
-1947,2335,-14,-572
-1945,2333,-19,-584
-1944,2332,-74,-595
-1944,2330,108,-247
-1943,2329,92,-219
-1943,2328,83,-194
-1942,2327,87,-179
-1942,2326,-128,-525
-1941,2325,-102,-598
-1940,2323,-97,-401
-1940,2320,96,-771
-1939,2318,41,-859
-1939,2314,-306,-726
-1940,2311,-129,-862
-1941,2308,-191,-787
-1942,2306,-199,-391
-1941,2306,96,-17
-1941,2307,-255,-140
-1943,2305,-573,-795
-1944,2046,-204,-677
-1945,2043,-363,-447
-1945,2041,-282,-581
-1945,2040,42,-548
-1945,2038,115,-556
-1944,2037,-100,-513
-1943,2035,-23,-577
-1942,2034,257,-385
-1941,2032,303,-619
-1939,2029,295,-659
-1938,2025,-68,-1026
-1937,2022,103,-889
-1937,2019,51,-866
-1937,2016,11,-819
-1937,2013,-303,-859
-1938,2010,-515,-440
-1939,2009,-524,-155
-1941,2008,-233,120
-1941,2008,-353,-171
-1941,2007,19,-171
-1942,2006,-229,-236
-1944,2005,-882,-270
-1947,2006,-661,63
-1950,2006,-832,89
-1953,2006,-778,-126
-1956,2008,-469,191
-1958,2010,-595,324
-1959,2012,-552,325
-1961,2013,-520,316
-1962,2015,-201,292
-1962,2016,-263,169
-1962,2018,-259,170
-1963,2021,-324,230
-1963,2024,-176,463
-1964,2028,-229,389
-1966,2031,-520,548
-1967,2033,-581,514
-1969,2036,-621,516
-1971,2038,-577,160
-1972,2040,-555,338
-1974,2042,-629,597
-1976,2045,-559,575
-1977,2304,-351,249
-1977,2306,41,146
-1977,2306,-332,-234
-1977,2306,-123,-295
-1976,2306,281,32
-1974,2307,-84,147
-1974,2309,10,406
-1974,2311,119,-214
-1973,2311,64,-160
-1973,2310,10,-193
-1973,2309,-306,-272
-1973,2310,-120,265
-1972,2311,278,316
-1971,2313,-86,284
-1971,2314,18,330
-1970,2316,-62,75
-1969,2315,372,-182
-1967,2314,331,-139
-1965,2314,130,-286
-1964,2313,-105,-159
-1964,2312,-134,-213
-1965,2311,-588,-356
-1966,2311,-208,-570
-1967,2309,-171,-175
-1968,2310,-178,160
-1969,2312,-116,231
-1968,2314,71,-11
-1968,2315,-267,54
-1967,2315,-88,-308
-1966,2315,-86,-335
-1965,2315,77,-13
-1966,2318,-173,497
-1967,2321,-378,569
-1967,2323,54,324
-1966,2325,109,275
-1966,2326,-128,261
-1965,2328,-357,318
-1966,2330,-548,352
-1968,2331,-164,77
-1968,2331,-286,36
-1969,2330,-211,-385
-1970,2328,-538,-852
-1971,2325,-194,-388
-1972,2324,-547,-250
-1974,2322,-379,-586
-1973,2321,237,-245
-1970,2320,221,-131
-1968,2319,132,-338
-1966,2319,303,-345
-1965,2319,299,33
-1964,2318,96,-246
-1963,2317,59,-200
-1963,2317,29,82
-1963,2318,-283,-26
-1963,2319,-311,-33
-1964,2320,-349,-40
-1964,2321,-370,288
-1965,2323,-368,137
-1965,2324,-310,364
-1965,2326,69,382
-1965,2328,40,-38
-1965,2329,67,-72
-1964,2329,281,58
-1962,2329,373,-294
-1960,2329,307,112
-1960,2330,-163,371
-1962,2332,-502,-88
-1961,2331,273,-545
-1959,2330,349,-560
-1958,2329,87,-365
-1959,2329,-220,-6
-1960,2330,-212,-82
-1959,2331,-40,-290
-1959,2332,-344,-278
-1960,2332,-129,-260
-1960,2333,-364,57
-1961,2334,-520,-85
-1962,2335,-327,361
-1963,2337,-291,364
-1962,2337,54,-300
-1962,2337,103,-185
-1962,2336,92,-333
-1961,2336,-278,-112
-1962,2337,-160,264
-1963,2339,-367,-49
-1963,2340,-373,-78
-1964,2340,-365,-281
-1965,2340,-632,-369
-1967,2339,-554,-355
-1969,2339,-523,36
-1971,2338,-448,-252
-1973,2337,-427,-514
-1975,2335,-562,-394
-1976,2333,-282,-448
-1975,2330,257,-424
-1974,2328,-264,-477
-1974,2326,38,-425
-1974,2324,122,-179
-1973,2325,44,-9
-1973,2326,10,138
-1973,2328,86,-14
-1972,2329,-107,-67
-1972,2330,-197,67
-1974,2329,-790,-190
-1976,2329,101,97
-1975,2329,137,-19
-1973,2330,-65,-111
-1974,2331,-828,52
-1977,2331,-886,1
-1978,2331,-9,-81
-1977,2332,369,117
-1975,2333,316,-91
-1974,2333,-142,8
-1976,2333,-412,-237
-1978,2331,-528,-151
-1979,2331,-209,79
-1980,2332,-143,-120
-1980,2332,-73,-317
-1978,2331,247,-232
-1976,2330,245,-173
-1973,2330,160,10
-1972,2330,296,29
-1970,2330,-18,35
-1969,2330,-40,72
-1968,2331,-47,-101
-1967,2332,21,-75
-1966,2333,353,322
-1964,2335,208,309
-1961,2336,517,257
-1959,2337,380,-71
-1957,2338,381,-81
-1955,2339,376,329
-1953,2342,513,593
-1951,2345,334,157
-1950,2347,-75,251
-1949,2350,-112,514
-1948,2352,-105,134
-1948,2354,-543,153
-1949,2356,-247,273
-1950,2357,-295,-178
-1951,2356,-224,-153
-1952,2356,-247,83
-1953,2356,-171,-52
-1953,2358,-282,357
-1953,2359,68,-217
-1953,2357,-375,-492
-1954,2354,-332,-407
-1954,2354,51,107
-1954,2356,-309,636
-1954,2359,5,528
-1953,2360,349,-102
-1951,2361,214,79
-1949,2361,-95,-274
-1950,2360,-551,-632
-1951,2358,-452,-788
-1952,2357,-326,-247
-1953,2355,-209,-520
-1953,2354,-139,-151
-1954,2354,-357,-176
-1954,2353,-304,-211
-1955,2351,-199,-394
-1956,2349,-517,-639
-1958,2348,-487,-190
-1961,2348,-888,-119
-1964,2348,264,23
-1962,2348,-18,-271
-1963,2349,-360,-18
-1964,2351,-191,267
-1965,2352,-438,270
-1968,2353,-514,-40
-1970,2354,-454,-67
-1972,2354,-854,-156
-1975,2353,-780,-236
-1977,2352,-621,-174
-1978,2350,-196,-392
-1979,2348,-223,-633
-1981,2346,-614,-510
-1982,2344,-405,-480
-1984,2341,-410,-475
-1986,2339,-608,-601
-1988,2337,-325,-420
-1987,2335,126,-430
-1987,2333,77,-412
-1987,2332,-383,-305
-1988,2333,-224,341
-1988,2335,63,600
-1988,2336,125,3
-1987,2336,66,1
-1987,2337,-364,144
-1988,2339,-435,412
-1990,2342,-629,608
-1990,2343,69,-273
-1990,2343,-323,-72
-1990,2345,68,244
-1990,2348,42,254
-1990,2350,-222,268
-1992,2351,-227,-61
-1992,2351,303,32
-1989,2351,537,-350
-1986,2350,190,-355
-1984,2351,142,-91
-1983,2350,-46,-631
-1982,2348,-555,-887
-1984,2345,-232,-603
-1985,2344,-360,-239
-1985,2343,-363,-382
-1986,2343,-155,-349
-1987,2342,-222,-341
-1988,2342,-561,-357
-1990,2341,-172,-349
-1991,2340,-394,-240
-1993,2339,-589,-235
-1994,2338,99,-111
-1994,2339,107,-80
-1993,2340,-264,-35
-1993,2342,-107,297
-1992,2343,-41,170
-1992,2345,-198,-80
-1993,2345,-565,-343
-1994,2344,-332,-796
-1995,2343,46,2
-1994,2343,-106,-292
-1993,2343,-94,36
-1992,2343,-109,81
-1992,2343,270,-148
-1990,2342,353,-617
-1989,2339,124,-664
-1989,2335,-298,-709
-1989,2332,-319,-782
-1989,2330,108,-853
-1987,2327,255,-390
-1985,2325,-24,-398
-1986,2324,-425,-533
-1989,2323,-865,-100
-1991,2324,-639,-263
-1993,2324,-545,7
-1994,2324,-535,37
-1995,2325,-346,287
-1995,2327,-373,321
-1996,2329,-317,380
-1996,2331,66,218
-1995,2333,102,171
-1995,2335,119,142
-1994,2337,-97,131
-1993,2339,-107,345
-1992,2340,-52,358
-1991,2343,-62,417
-1991,2346,-57,530
-1990,2349,65,544
-1990,2352,7,239
-1990,2354,-269,242
-1990,2356,-556,302
-1993,2357,-459,-118
-1994,2357,-521,-567
-1995,2356,116,-300
-1995,2355,-356,-609
-1996,2353,-150,-617
-1998,2351,-574,-542
-1999,2350,-582,-209
-2001,2349,-557,-148
-2002,2349,-574,-290
-2004,2348,-428,-338
-2007,2348,-821,-376
-2009,2347,-403,-180
-2010,2347,-342,-89
-2011,2348,-266,349
-2011,2350,-320,324
-2011,2351,-347,104
-2011,2351,97,-214
-2010,2349,331,-770
-2009,2346,326,-503
-2007,2344,193,-476
-2004,2342,528,-422
-2002,2340,560,-589
-2000,2339,-122,-298
-1998,2339,621,-280
-1995,2338,147,-292
-1993,2338,383,-257
-1991,2338,350,53
-1990,2339,172,121
-1988,2340,237,-98
-1985,2340,394,99
-1982,2341,398,-261
-1979,2340,564,-272
-1976,2340,408,-368
-1973,2339,245,-384
-1970,2339,240,-191
-1968,2338,207,-233
-1965,2336,177,-256
-1963,2335,129,-249
-1961,2334,253,-578
-1958,2332,391,-409
-1955,2330,606,-581
-1952,2328,629,-538
-1949,2327,195,-565
-1948,2325,-17,-418
-1947,2323,106,-444
-1946,2321,101,-471
-1945,2319,-83,-580
-1945,2318,-127,-263
-1944,2318,65,-280
-1944,2318,-267,22
-1945,2318,-612,111
-1947,2319,-825,-274
-1949,2319,-257,34
-1948,2319,-99,-263
-1948,2319,20,-259
-1949,2320,-802,-62
-1952,2321,-837,264
-1955,2322,-388,368
-1955,2323,-114,-347
-1955,2322,-108,-321
-1954,2322,-151,72
-1956,2322,-503,-274
-1959,2322,-853,-559
-1958,2323,122,-74
-1958,2324,122,-118
-1958,2325,-543,-22
-1961,2326,-833,-65
-1963,2327,-820,300
-1966,2328,-786,-116
-1967,2328,-186,42
-1968,2328,-535,112
-1970,2329,-561,-122
-1971,2330,-620,-112
-1972,2331,-192,-75
-1974,2331,-861,70
-1978,2332,-703,-285
-1981,2331,-875,-148
-1984,2330,-625,-631
-1985,2328,-601,-532
-1986,2328,-120,-265
-1987,2327,-811,-294
-1991,2327,-1105,-309
-1995,2327,-824,60
-1997,2327,-186,6
-1998,2327,-396,56
-2000,2328,-774,83
-2003,2329,-504,285
-2005,2330,-133,365
-2006,2331,-221,292
-2008,2333,-541,-55
-2009,2334,-190,265
-2010,2335,-275,144
-2010,2337,52,-274
-2010,2336,-257,-528
-2010,2335,30,-235
-2009,2333,66,-210
-2009,2332,76,-242
-2009,2331,85,-513
-2008,2331,-309,30
-2009,2331,-283,-311
-2008,2331,292,-183
-2005,2329,414,-579
-2002,2328,219,-198
-2000,2327,267,-516
-1999,2325,-18,-539
-1998,2325,374,-335
-1996,2325,272,280
-1995,2327,100,512
-1994,2329,265,304
-1992,2331,351,290
-1992,2332,19,-44
-1992,2333,-383,25
-1993,2332,-517,-766
-1993,2330,-84,-263
-1992,2331,309,-51
-1991,2331,-347,-221
-1992,2329,-837,-622
-1994,2328,-405,-235
-1995,2327,-542,-152
-1997,2326,-558,-146
-1999,2325,-568,-143
-2000,2325,-573,-135
-2002,2324,-234,-149
-2003,2323,-408,-181
-2005,2323,-407,-269
-2007,2322,-246,-362
-2008,2323,39,59
-2009,2323,-161,115
-2010,2323,-172,-288
-2010,2324,-129,359
-2011,2326,10,514
-2010,2329,118,518
-2010,2332,114,204
-2008,2334,-78,132
-2007,2336,-43,340
-2006,2338,281,305
-2005,2339,293,-22
-2003,2340,380,-87
-2001,2340,381,119
-1999,2341,354,102
-1997,2342,153,91
-1995,2342,167,80
-1993,2342,520,-127
-1990,2344,510,260
-1986,2345,613,-25
-1983,2346,542,-43
-1981,2347,237,-42
-1978,2348,527,-15
-1975,2350,612,351
-1972,2352,623,177
-1970,2354,160,397
-1968,2357,-112,172
-1968,2358,79,111
-1967,2358,-84,-270
-1966,2358,-111,122
-1966,2359,-521,-30
-1969,2360,-816,-64
-1971,2361,-463,-122
-1973,2362,-582,-126
-1975,2363,-562,-116
-1976,2363,5,-507
-1976,2360,24,-428
-1976,2359,7,-162
-1975,2358,111,-520
-1975,2356,-128,-247
-1974,2355,-279,-355
-1973,2353,297,-460
-1972,2351,-104,-571
-1971,2350,263,-559
-1970,2348,283,-565
-1968,2346,-31,-443
-1967,2344,-60,-612
-1966,2343,307,-244
-1964,2342,376,-271
-1962,2343,154,109
-1962,2343,-525,-315
-1964,2344,-398,-36
-1966,2345,-220,269
-1965,2348,-90,622
-1964,2351,-115,233
-1963,2354,-5,386
-1963,2356,-348,163
-1963,2358,-368,134
-1964,2360,44,331
-1963,2361,357,-279
-1961,2360,355,-150
-1959,2360,100,-416
-1959,2359,-259,-344
-1959,2357,10,-610
-1959,2355,1,-523
-1959,2354,-304,-363
-1960,2354,-129,-165
-1960,2352,-270,-640
-1960,2350,-36,-844
-1959,2347,-91,-485
-1958,2345,-69,-419
-1956,2343,380,-596
-1955,2341,-99,-567
-1954,2340,-72,-559
-1953,2338,-20,-524
-1951,2338,182,84
-1949,2339,150,62
-1947,2339,-24,-272
-1945,2339,298,11
-1944,2339,78,3
-1944,2339,2,102
-1944,2340,333,77
-1942,2340,333,36
-1940,2340,340,-193
-1938,2339,279,-192
-1938,2338,-275,-327
-1938,2338,-370,-351
-1939,2337,56,-212
-1938,2336,132,-164
-1935,2335,235,-323
-1934,2336,-188,-116
-1934,2337,-139,324
-1934,2339,266,379
-1934,2340,-134,-110
-1933,2341,110,-24
-1933,2342,-267,23
-1933,2342,-303,-150
-1933,2341,-348,-174
-1934,2341,-317,-124
-1934,2342,10,-98
-1934,2343,55,-6
-1934,2345,-332,302
-1936,2346,-571,269
-1937,2347,-616,-17
-1939,2348,-607,-90
-1941,2349,-442,-83
-1943,2350,-425,-94
-1945,2351,-480,-260
-1948,2349,-637,-467
-1949,2347,-200,-449
-1950,2345,-358,-635
-1949,2343,112,-212
-1949,2342,-123,-370
-1947,2342,259,-146
-1946,2341,354,-175
-1944,2340,333,-336
-1942,2340,142,-360
-1941,2339,302,-184
-1939,2337,-104,-809
-1939,2334,-109,-802
-1938,2332,-21,-405
-1936,2330,184,-587
-1934,2329,-56,-525
-1935,2328,-394,-352
-1937,2327,-485,-199
-1939,2325,-561,-453
-1940,2323,-516,-479
-1942,2321,-247,-564
-1943,2320,-129,-310
-1943,2320,-332,81
-1944,2321,-341,105
-1944,2322,-315,-19
-1943,2322,22,-73
-1943,2323,53,-23
-1943,2324,-125,258
-1941,2325,373,103
-1939,2326,160,108
-1937,2326,246,-112
-1934,2327,543,-36
-1932,2328,235,-111
-1930,2329,131,26
-1928,2330,225,175
-1926,2332,344,202
-1924,2334,-8,237
-1923,2336,36,339
-1924,2339,-234,215
-1925,2341,-203,620
-1926,2345,-348,503
-1926,2348,-270,408
-1926,2351,42,200
-1926,2353,-56,525
-1925,2355,-259,147
-1926,2358,-384,212
-1926,2360,-304,375
-1926,2361,122,-78
-1925,2361,362,-368
-1923,2360,-16,-149
-1922,2359,-6,-312
-1921,2359,102,-381
-1921,2358,-231,-248
-1923,2357,72,19
-1923,2358,-266,-95
-1923,2359,49,-44
-1924,2359,-523,72
-1926,2360,-623,89
-1928,2360,-802,-299
-1931,2359,-813,-373
-1933,2359,-426,54
-1935,2359,-634,-300
-1937,2359,-549,-201
-1937,2357,562,-668
-1938,2356,-327,50
-1938,2357,-354,-107
-1939,2357,-305,-115
-1939,2358,-284,-284
-1939,2357,77,-177
-1939,2356,-262,-190
-1939,2355,41,45
-1939,2356,36,35
-1938,2356,-28,-358
-1936,2355,499,-560
-1933,2353,-294,74
-1933,2354,-314,93
-1934,2354,25,37
-1933,2354,70,-378
-1933,2353,73,-161
-1932,2353,94,-372
-1933,2352,-229,-235
-1934,2351,-550,-248
-1936,2350,-784,-262
-1938,2350,-312,-185
-1938,2349,-353,-185
-1939,2348,-211,56
-1940,2349,-169,-119
-1941,2350,-351,-126
-1940,2350,-110,-353
-1939,2350,-49,-142
-1938,2349,-75,-155
-1937,2349,-60,-310
-1935,2349,295,-269
-1933,2349,521,-61
-1931,2350,533,302
-1928,2352,517,166
-1926,2354,134,376
-1924,2357,291,133
-1923,2358,273,340
-1921,2360,155,73
-2176,2359,272,43
-2176,2360,-440,115
-1924,2361,-1059,-105
-1927,2361,-507,74
-1929,2361,-126,-130
-1929,2360,-215,-157
-1930,2359,-421,-368
-1933,2359,-803,7
-1935,2359,-635,-359
-1938,2359,-503,-266
-1940,2359,-487,107
-1942,2361,-217,540
-1943,2363,-330,237
-1943,2366,0,169
-1943,2368,-361,173
-1943,2370,-273,358
-1943,2371,-80,-58
-1942,2372,-11,86
-1941,2372,-63,-190
-1940,2371,269,-297
-1938,2371,-83,-285
-1938,2371,44,-323
-1938,2370,-220,6
-1940,2371,-829,331
-1940,2371,-559,264
-1941,2372,121,-290
-1941,2372,-332,-106
-1941,2373,-318,-44
-1942,2374,-227,135
-1943,2377,-529,160
-1945,2378,-622,324
-1946,2380,-173,-94
-1947,2380,-146,-111
-1947,2381,-382,90
-1947,2382,-265,-6
-1948,2383,-163,-102
-1949,2383,-248,100
-1950,2384,-594,36
-1952,2384,-430,-300
-1953,2384,-198,31
-1954,2384,-579,-136
-1956,2382,-565,-502
-1957,2379,-145,-711
-1957,2376,-81,-774
-1957,2376,30,-50
-1957,2377,96,-90
-1956,2378,86,-258
-1957,2377,-406,-796
-1959,2373,-481,-867
-1961,2371,-130,-409
-1961,2369,-252,-407
-1963,2367,-784,-241
-1966,2366,-444,-382
-1968,2366,-845,-104
-1971,2367,-500,126
-1973,2367,-483,15
-1975,2369,-253,515
-1976,2371,-339,546
-1976,2374,-303,-137
-1976,2373,-360,-521
-1976,2371,-313,-223
-1977,2371,-314,115
-1977,2372,-227,140
-1978,2374,-169,305
-1979,2376,-220,-5
-1980,2377,-242,257
-1982,2377,-345,-72
-1983,2378,-600,-274
-1984,2378,-615,75
-1987,2378,-773,-133
-1989,2377,-216,-884
-1990,2374,-150,-484
-1990,2371,-141,-638
-1991,2370,-307,48
-1991,2371,-140,106
-1991,2371,44,-316
-1990,2370,245,-244
-1987,2369,512,-220
-1985,2368,-362,-304
-1985,2368,-259,122
-1985,2369,106,-61
-1984,2370,346,78
-1982,2370,245,-269
-1979,2370,552,-339
-1977,2370,298,-261
-1976,2370,-24,18
-1973,2370,473,-128
-1969,2371,416,-43
-1967,2372,247,-118
-1964,2372,207,-279
-1962,2372,200,88
-1960,2374,-89,228
-1960,2377,-334,567
-1961,2379,-187,200
-1961,2381,-287,163
-1962,2383,-426,-88
-1965,2383,-772,-278
-1967,2382,-560,-604
-1968,2381,20,104
-1967,2382,-60,-61
-1967,2383,34,-257
-1968,2382,-411,-357
-1971,2382,-697,-354
-1974,2381,-406,-380
-1976,2382,105,126
-1976,2382,-360,-288
-1977,2382,-238,-257
-1979,2382,-548,81
-1981,2383,-401,106
-1983,2383,-854,-85
-1986,2385,-824,-46
-1989,2385,-438,-84
-1991,2386,-417,-35
-1993,2388,-638,-1
-1994,2389,-157,-53
-1995,2390,-629,149
-1998,2392,-512,-83
-2000,2392,-246,70
-2001,2393,-97,2
-2000,2393,-73,111
-1999,2393,84,33
-1999,2393,-565,-638
-2001,2391,-541,-423
-2002,2388,-366,-464
-2001,2387,262,-190
-2000,2387,352,-352
-1998,2386,19,-582
-1999,2384,-577,-448
-2002,2382,-633,-254
-2004,2381,-517,-541
-2004,2379,-158,-523
-2006,2379,-582,-329
-2007,2380,-179,140
-2008,2382,-354,291
-2008,2384,-337,206
-2008,2387,-68,594
-2006,2389,-58,181
-2005,2391,340,-48
-2004,2391,-56,92
-2003,2391,89,-143
-2002,2391,368,-299
-2000,2392,534,157
-1997,2394,138,542
-1996,2397,-12,150
-1996,2396,16,-560
-1996,2395,-325,-238
-1996,2394,-290,-185
-1995,2394,515,34
-1992,2394,603,-109
-1990,2394,265,15
-1989,2394,-122,-369
-1989,2393,122,-339
-1988,2394,-46,147
-1987,2397,-86,412
-1986,2400,-21,375
-1984,2401,142,-46
-1983,2402,301,-67
-1981,2403,-62,-95
-1981,2404,113,115
-1980,2404,53,66
-1980,2404,16,-333
-1980,2403,1,-394
-1980,2401,-259,-605
-1980,2400,-287,-532
-1980,2399,301,-150
-1977,2399,528,78
-1976,2399,-129,-273
-1977,2400,-208,-75
-1978,2400,-228,92
-1977,2402,-108,293
-1976,2403,-20,371
-1975,2405,-39,141
-1974,2407,-4,-15
-1972,2408,312,294
-1971,2409,-28,306
-1971,2412,-260,523
-1971,2414,-384,341
-1971,2414,104,-171
-1971,2413,127,-174
-1970,2412,116,-187
-1970,2411,-137,-302
-1970,2411,-537,-146
-1973,2410,-807,77
-1975,2412,-485,311
-1977,2413,-182,137
-1978,2415,-346,368
-1978,2416,-362,21
-1979,2417,-329,-37
-1979,2418,-277,-7
-1978,2420,-86,266
-1977,2421,-101,-115
-1976,2421,332,-122
-1974,2422,202,-36
-1972,2423,154,-122
-1970,2424,335,269
-1969,2426,-69,259
-1968,2426,-310,-217
-1969,2425,-321,-584
-1969,2424,-201,-332
-1970,2424,-172,-107
-1971,2425,-158,154
-1972,2427,-198,-29
-1973,2428,-22,-42
-1972,2429,-11,-12
-1970,2430,280,-71
-1970,2431,-89,124
-1968,2176,-71,-63
-1966,2176,214,6
-1965,2176,355,-372
-1964,2431,308,-378
-1962,2431,264,-170
-1961,2431,85,-87
-1961,2431,98,-128
-1960,2431,45,-252
-1961,2429,-252,-828
-1962,2426,-617,-796
-1963,2425,-34,-54
-1962,2426,-29,276
-1961,2427,9,-73
-1963,2425,-620,-846
-1964,2422,-166,-677
-1965,2419,-182,-402
-1966,2417,-242,-520
-1967,2416,-343,-597
-1967,2414,118,-636
-1966,2412,356,-591
-1963,2412,439,214
-1961,2414,-347,-120
-1961,2414,-46,-121
-1960,2415,-79,-93
-1959,2415,-47,-83
-1958,2416,-126,-68
-1956,2417,185,-92
-1954,2418,131,124
-1952,2418,137,94
-1950,2419,139,-354
-1948,2418,525,-153
-1946,2416,219,-547
-1944,2415,204,-148
-1942,2416,344,-112
-1941,2416,281,-87
-1940,2417,-367,-304
-1941,2417,-451,-324
-1943,2416,-176,63
-1943,2417,256,-309
-1941,2416,141,-232
-1939,2415,279,17
-1938,2416,-12,-4
-1937,2417,83,72
-1938,2416,-513,-598
-1940,2414,-386,-595
-1942,2412,-635,-548
-1944,2411,-407,-234
-1946,2410,-494,-70
-1948,2411,-578,-98
-1949,2411,-582,25
-1951,2411,-527,-69
-1951,2412,115,-260
-1951,2412,-272,123
-1952,2413,-458,99
-1955,2413,-882,0
-1958,2413,-455,14
-1960,2414,-393,-89
-1962,2415,-630,-89
-1963,2415,-366,-238
-1963,2413,50,-439
-1961,2410,539,-474
-1958,2408,48,-310
-1959,2408,2,-343
-1958,2407,302,-520
-1956,2406,-8,-474
-1955,2404,274,-405
-1954,2401,-117,-810
-1954,2398,42,-782
-1954,2396,-295,-409
-1954,2394,-331,-593
-1954,2392,-370,-782
-1955,2390,-226,-481
-1957,2388,-653,-354
-1959,2387,-572,-203
-1961,2386,-435,-343
-1964,2386,-879,45
-1967,2387,-828,-85
-1969,2388,-509,261
-1971,2390,-221,371
-1972,2391,-171,318
-1973,2393,-513,230
-1974,2395,-138,359
-1974,2398,-94,611
-1973,2400,-12,533
-1971,2403,293,166
-1971,2403,-190,-143
-1971,2403,-375,-381
-1972,2403,16,8
-1971,2404,-51,377
-1970,2406,-4,549
-1969,2409,-82,196
-1968,2410,-40,309
-1967,2412,-28,313
-1966,2413,67,296
-1966,2415,-599,109
-1969,2415,-461,85
-1970,2416,-255,324
-1972,2417,-196,-7
-1972,2418,-313,-319
-1972,2417,-282,-136
-1971,2417,96,42
-1971,2417,212,-256
-1969,2416,349,-378
-1967,2415,-55,-340
-1966,2415,-49,-295
-1965,2415,15,-289
-1965,2414,32,-150
-1965,2414,45,-157
-1964,2413,281,109
-1963,2414,376,285
-1962,2415,-41,-107
-1960,2415,321,-267
-1959,2415,-18,19
-1958,2416,-136,125
-1960,2417,-429,-34
-1962,2417,34,-350
-1963,2416,-171,-232
-1963,2415,-376,-547
-1965,2414,-399,-297
-1967,2414,-391,-286
-1969,2414,-462,24
-1971,2414,-472,94
-1973,2415,-431,-90
-1975,2416,-630,-41
-1977,2417,-391,280
-1979,2418,-430,269
-1981,2420,-421,329
-1983,2422,-432,169
-1985,2424,-593,353
-1987,2426,-537,355
-1988,2428,-287,396
-1988,2430,-176,-70
-1990,2430,-612,-232
-1991,2429,-199,-185
-1989,2429,628,75
-1986,2429,531,-116
-1984,2430,134,79
-1983,2430,-21,47
-1981,2430,242,-51
-1979,2176,204,264
-1977,2177,-32,-94
-1976,2178,-69,-99
-1975,2179,-48,-69
-1974,2180,115,-78
-1974,2180,29,-61
-1974,2181,-158,-149
-1975,2181,-278,-34
-1974,2182,-94,309
-1973,2184,346,368
-1971,2186,130,279
-1969,2187,367,-40
-1969,2188,61,267
-1968,2190,-11,274
-1966,2190,488,-168
-1962,2189,442,-573
-1959,2187,251,-210
-1956,2187,540,117
-1954,2188,181,-295
-1952,2187,90,-537
-1954,2185,-454,-403
-1956,2183,-617,-235
-1957,2182,-161,-578
-1958,2181,-196,-243
-1959,2180,-216,-357
-1960,2180,-136,290
-1960,2181,-93,-383
-1959,2180,-53,-532
-1958,2179,105,-292
-1958,2180,-339,150
-1959,2183,-566,236
-1960,2185,-368,295
-1960,2186,88,-103
-1959,2186,259,79
-1958,2187,-43,81
-1957,2187,16,97
-1958,2188,-194,92
-1959,2188,-195,45
-1960,2188,-621,-170
-1962,2187,-625,-362
-1963,2186,-187,24
-1964,2185,-539,-238
-1966,2184,-256,-206
-1966,2182,-259,-457
-1966,2180,33,-437
-1966,2178,71,-397
-1965,2176,-111,-464
-1965,2430,104,-610
-1964,2428,-111,-571
-1963,2427,-70,-533
-1962,2425,277,-252
-1961,2424,287,-514
-1959,2422,214,-777
-1957,2420,373,-578
-1955,2417,-36,-809
-1955,2414,-283,-831
-1955,2412,-268,277
-1955,2414,-143,-21
-1956,2413,-202,-604
-1957,2411,32,-676
-1956,2407,-110,-859
-1956,2405,95,-485
-1956,2402,-357,-448
-1956,2400,-273,-454
-1955,2398,-8,-389
-1954,2397,348,-208
-1952,2397,179,325
-1951,2399,30,208
-1951,2401,15,172
-1951,2403,125,-48
-1950,2404,-288,-83
-1951,2405,40,-46
-1950,2407,31,370
-1950,2408,90,280
-1950,2410,-323,-1
-1952,2410,-862,105
-1955,2411,-469,83
-1956,2412,-579,293
-1958,2413,-604,-49
-1960,2413,-244,-133
-1960,2411,93,-773
-1959,2409,-97,-639
-1958,2408,-38,-555
-1957,2407,208,-300
-1954,2407,198,12
-1952,2407,146,25
-1951,2406,47,-315
-1950,2407,379,124
-1948,2408,219,-114
-1945,2408,188,119
-1943,2408,157,90
-1940,2408,627,34
-1939,2409,-117,98
-1938,2409,-88,77
-1937,2409,-49,-209
-1936,2406,-113,-474
-1936,2404,127,-778
-1935,2402,3,-469
-1935,2399,-272,-481
-1936,2397,-299,-772
-1936,2394,-291,-408
-1936,2392,0,-775
-1936,2389,30,-849
-1935,2386,-103,-682
-1934,2383,-52,-814
-1932,2380,154,-444
-1931,2379,79,-209
-1931,2378,94,-246
-1930,2376,-53,-530
-1928,2376,330,-344
-1927,2376,325,102
-1925,2377,138,-40
-1923,2378,379,256
-1921,2379,372,334
-2175,2381,356,373
-2174,2383,271,-71
-2173,2383,15,-154
-2173,2382,26,-591
-2173,2380,51,-131
-2172,2380,-284,82
-2173,2381,-231,-72
-2175,2382,-450,309
-2176,2382,-417,13
-1922,2383,-598,-67
-1923,2383,-196,-122
-1924,2384,-255,85
-1925,2384,-430,-85
-1928,2385,-473,320
-1930,2387,-413,168
-1932,2389,-421,166
-1934,2391,-630,157
-1936,2393,-621,131
-1937,2395,-253,149
-1938,2397,-287,381
-1937,2398,217,0
-1935,2398,318,126
-1933,2399,307,-88
-1932,2400,-20,261
-1930,2402,-4,267
-1929,2401,225,-367
-1926,2401,193,13
-1924,2401,309,-621
-1925,2398,-528,-889
-1926,2395,-513,-478
-1927,2393,45,-470
-1926,2390,-373,-479
-1928,2388,-391,-547
-1930,2389,-798,299
-1932,2389,-457,-83
-1935,2391,-395,312
-1937,2392,-410,324
-1939,2394,-490,295
-1941,2395,-208,-29
-1943,2397,-465,348
-1945,2398,-479,322
-1947,2400,-571,343
-1948,2402,-389,271
-1951,2403,-493,120
-1953,2402,-410,-564
-1955,2400,-528,-414
-1956,2399,-527,-177
-1957,2398,-349,-204
-1958,2397,-348,-206
-1958,2396,-335,-221
-1958,2395,55,-232
-1957,2393,125,-524
-1956,2392,-65,-552
-1955,2390,258,-577
-1954,2389,310,-543
-1952,2387,367,-624
-1951,2386,303,-576
-1949,2384,366,-215
-1946,2384,429,-117
-1943,2385,575,-56
-1941,2386,374,381
-1942,2386,-184,0
-1942,2387,10,87
-1940,2387,402,29
-1937,2387,462,-319
-1934,2386,373,-326
-1934,2387,-263,171
-1934,2390,-265,341
-1934,2390,-158,-368
-1936,2389,-456,-412
-1938,2386,-500,-797
-1939,2385,-329,78
-1940,2385,-533,-315
-1942,2384,-193,-153
-1943,2383,-206,-161
-1944,2382,-394,-592
-1946,2381,-594,-575
-1948,2379,-573,-521
-1949,2378,-282,-611
-1948,2376,310,-569
-1946,2375,287,-200
-1945,2375,-308,40
-1945,2375,-286,43
-1945,2375,-89,-116
-1944,2376,126,117
-1944,2377,-116,272
-1943,2378,-31,212
-1942,2380,-96,320
-1942,2382,-134,180
-1942,2384,-169,520
-1943,2387,-245,359
-1945,2389,-217,151
-1945,2391,-287,205
-1944,2393,209,312
-1942,2394,334,-68
-1940,2395,323,66
-1938,2394,349,-160
-1937,2393,279,-154
-1935,2392,259,-231
-1935,2391,108,-183
-1934,2390,-85,-593
-1933,2388,-71,-619
-1932,2386,-116,-580
-1931,2385,-120,-607
-1931,2383,-127,-631
-1930,2381,-57,-514
-1929,2379,-33,-498
-1929,2376,-361,-629
-1929,2375,-315,-236
-1930,2374,-271,-231
-1931,2374,-550,-299
-1932,2374,-605,58
-1934,2373,-184,-192
-1934,2372,-316,-221
-1934,2371,24,-173
-1933,2371,303,-356
-1932,2371,-307,33
-1932,2371,-287,86
-1932,2372,-86,272
-1932,2373,81,-101
-1931,2373,51,-2
-1931,2376,265,243
-1928,2378,252,213
-1927,2380,313,-78
-1925,2380,-55,58
-1924,2380,-21,17
-1923,2380,-83,-277
-1922,2380,108,-278
-1922,2380,-109,-283
-1921,2380,-59,-265
-2176,2380,85,-67
-2176,2381,82,-50
-2175,2382,-32,107
-2174,2382,-75,30
-2172,2382,348,-327
-2171,2383,-74,-115
-2170,2383,-82,70
-2170,2383,16,-258
-2170,2383,-339,-248
-2171,2381,-212,-597
-2172,2379,42,-227
-2172,2378,-330,-228
-2173,2377,-601,-201
-2175,2377,-775,72
-1922,2377,-490,-70
-1923,2378,114,-159
-1922,2377,-119,-309
-1922,2377,-574,-269
-1925,2377,-1037,-259
-1930,2377,-1127,-379
-1933,2377,-840,-294
-1935,2377,-418,-61
-1937,2378,-477,-262
-1940,2377,-396,-574
-1941,2375,-560,-445
-1943,2373,-560,-396
-1944,2371,-553,-639
-1946,2369,-517,-401
-1946,2367,27,-177
-1945,2367,305,-271
-1944,2369,-310,-85
-1944,2369,-177,-312
-1945,2369,42,84
-1944,2370,-28,337
-1942,2371,176,-75
-1942,2372,-331,-269
-1942,2372,-311,-273
-1942,2372,98,86
-1941,2373,-84,303
-1940,2375,-125,326
-1940,2376,-285,-147
-1941,2375,-264,-247
-1940,2374,-271,-142
-1940,2374,-73,342
-1939,2377,-10,543
-1938,2379,53,142
-1939,2381,-554,351
-1939,2382,133,0
-1936,2381,576,-177
-1934,2381,368,-362
-1934,2380,-175,34
-1935,2381,-610,93
-1936,2381,-176,-288
-1936,2380,369,-269
-1933,2381,408,124
-1930,2382,250,-19
-1931,2382,-365,122
-1930,2383,-49,-47
-1929,2384,-84,-73
-1927,2385,278,-45
-1926,2386,315,-8
-1924,2388,170,262
-1922,2389,190,-67
-2176,2389,518,-384
-2173,2387,141,-437
-2173,2387,-537,-97
-2175,2388,-590,32
-2176,2388,-199,-352
-1921,2387,120,-545
-2175,2385,277,-513
-2176,2384,-549,-277
-1922,2385,-395,15
-1923,2384,-317,-367
-1922,2383,383,-811
-2176,2380,205,-401
-2174,2379,301,-290
-2172,2380,166,-23
-2171,2380,-264,-237
-2172,2378,-592,-871
-2173,2375,-537,-426
-2175,2373,-600,-385
-2176,2371,46,-804
-2175,2368,-296,-472
-1921,2367,-616,-284
-1922,2367,-606,-126
-1923,2368,110,-316
-1922,2369,126,312
-1921,2370,-90,-14
-2176,2371,-75,-8
-2175,2372,-55,276
-2175,2373,125,37
-2174,2373,19,53
-2174,2373,-68,124
-2172,2374,191,278
-2170,2376,196,-12
-2167,2377,203,-57
-2166,2378,53,-22
-2166,2379,57,-19
-2166,2380,-321,-144
-2167,2378,-151,-786
-2168,2375,-527,-896
-2169,2372,-516,-862
-2170,2370,-361,-212
-2171,2369,-569,-210
-2172,2368,-534,-229
-2174,2367,-317,-354
-2174,2366,-145,-202
-2175,2365,-134,-347
-2176,2365,-192,-184
-1921,2364,-186,-197
-1922,2362,-595,-626
-1923,2360,-548,-395
-1924,2358,-332,-390
-1925,2357,-317,-519
-1925,2356,-295,-527
-1925,2355,-264,-245
-1925,2353,-270,-606
-1925,2352,-263,-600
-1925,2350,-288,-622
-1925,2348,-299,-595
-1925,2347,-70,-220
-1925,2345,-335,-418
-1925,2343,-137,-544
-1926,2342,-225,-545
-1927,2341,-247,-524
-1929,2340,-440,-187
-1931,2338,-403,-214
-1933,2337,-408,-605
-1934,2335,-168,-874
-1935,2332,48,-503
-1935,2331,-343,338
-1935,2333,-129,175
-1935,2336,19,360
-1935,2336,-304,-314
-1936,2335,-240,-609
-1938,2333,-833,-846
-1938,2332,-271,125
-1938,2333,-289,-70
-1939,2334,-341,-82
-1939,2334,-341,52
-1939,2334,-265,-135
-1939,2334,23,-287
-1939,2334,40,74
-1939,2334,-263,-263
-1940,2333,-593,-571
-1943,2332,-462,-207
-1943,2332,61,-125
-1943,2333,-284,119
-1943,2333,-343,-339
-1943,2331,-359,-428
-1944,2329,-95,-779
-1943,2327,-105,-623
-1942,2326,-81,-606
-1941,2324,-60,-586
-1940,2322,-38,-567
-1940,2322,-258,-297
-1940,2321,100,-232
-1939,2320,-51,-143
-1938,2319,-67,-360
-1937,2319,106,-289
-1936,2319,282,53
-1935,2319,269,123
-1934,2320,-70,-13
-1932,2321,-34,73
-1931,2321,-62,-354
-1931,2319,-531,-860
-1933,2319,-416,-323
-1934,2319,-582,87
-1936,2319,-200,-628
-1937,2317,-196,-398
-1938,2315,-383,-784
-1938,2313,-294,-438
-1938,2311,32,-570
-1938,2309,69,-193
-1938,2309,100,-145
-1937,2309,57,-97
-1937,2310,-50,354
-1936,2311,-92,75
-1935,2311,-293,-183
-1936,2310,-274,-371
-1935,2309,77,-139
-1935,2309,-118,-158
-1934,2308,18,-306
-1935,2308,-327,-122
-1935,2309,-315,-28
-1935,2311,-95,162
-1933,2313,325,141
-1931,2315,362,322
-1930,2316,337,267
-1928,2317,-321,52
-1929,2318,-371,63
-1929,2318,61,8
-1928,2317,349,-385
-1928,2317,-316,70
-1928,2318,36,89
-1927,2318,359,-123
-1925,2319,341,39
-1924,2320,109,-365
-1923,2319,-102,-345
-1922,2320,-4,345
-1921,2322,95,543
-1921,2324,60,156
-2176,2326,34,309
-2176,2326,-265,-64
-2176,2327,-324,125
-1921,2328,-353,-101
-1921,2329,-176,-112
-1922,2330,-231,286
-1924,2332,-236,399
-1925,2335,-378,552
-1925,2338,-336,221
-1925,2340,-305,194
-1926,2342,-292,218
-1926,2345,-325,541
-1926,2348,78,442
-1925,2351,-121,459
-1924,2355,-39,434
-1923,2358,-22,567
-1922,2361,81,561
-1922,2364,-18,243
-2176,2366,186,374
-2173,2367,217,-116
-2171,2367,561,-551
-2168,2366,189,-335
-2166,2366,221,-53
-2164,2367,-62,-356
-2164,2365,-312,-795
-2165,2362,-657,-621
-2166,2362,97,112
-2165,2363,-16,-80
-2164,2363,74,36
-2164,2362,-164,-421
-2165,2360,-383,-636
-2166,2358,-377,-402
-2166,2356,-370,-554
-2165,2354,-21,-620
-2165,2353,264,-387
-2163,2351,-115,-593
-2162,2349,-22,-425
-2161,2347,-76,-634
-2160,2345,179,-209
-2157,2345,177,-361
-2155,2344,139,-272
-2153,2344,153,-269
-2152,2344,66,-87
-2152,2346,-141,304
-2154,2347,-404,92
-2155,2347,7,-119
-2155,2348,48,-23
-2155,2349,-357,34
-2156,2348,-515,-775
-2158,2345,-217,-460
-2158,2343,26,-437
-2158,2344,73,295
-2157,2346,79,328
-2157,2346,-329,-381
-2158,2345,-566,-578
-2160,2343,-605,-531
-2162,2342,-653,125
-2164,2343,-307,-379
-2164,2342,-158,-351
-2166,2342,-232,20
-2167,2342,-232,14
-2167,2342,10,81
-2167,2343,-143,91
-2169,2343,-466,-231
-2171,2341,-770,-461
-2173,2339,-618,-406
-2173,2339,-83,-22
-2172,2340,-4,-63
-2172,2340,0,-338
-2173,2339,-492,-529
-2175,2338,-420,-231
-1921,2337,-571,-256
-1923,2335,-230,-553
-1924,2334,-221,-217
-1924,2334,-314,-47
-1925,2336,-325,375
-1924,2337,321,352
-1923,2339,-65,-64
-1922,2340,-42,-72
-1921,2341,-117,-87
-2176,2342,-62,-76
-2175,2343,-3,275
-2173,2344,193,268
-2171,2345,539,-62
-2168,2346,208,-123
-2166,2346,186,56
-2163,2346,247,36
-2161,2347,218,-57
-2158,2347,154,-218
-2157,2345,256,-412
-2156,2343,88,-437
-2155,2343,-22,283
-2153,2344,327,345
-2152,2346,98,127
-2152,2345,63,-195
-2152,2344,72,-204
-2152,2343,-259,-342
-2151,2342,283,-630
-2150,2341,-112,-225
-2149,2340,-111,-221
-2149,2339,73,-177
-2148,2338,99,-322
-2147,2337,301,-415
-2146,2335,-53,-238
-2145,2334,-48,-597
-2144,2332,-74,-623
-2143,2330,122,-423
-2142,2328,104,-577
-2142,2327,-110,-240
-2141,2326,-324,-601
-2142,2325,-176,-551
-2143,2325,-230,86
-2144,2325,-219,-114
-2145,2326,-563,-324
-2147,2325,-208,-627
-2147,2322,23,-783
-2146,2321,118,-55
-2145,2322,-21,-34
-2144,2323,298,-380
-2142,2322,325,-369
-2140,2321,373,-235
-2138,2319,129,-479
-2137,2317,-47,-493
-2136,2315,89,-426
-2137,2313,-253,-424
-2137,2313,-264,73
-2137,2312,21,-224
-2137,2311,-137,-244
-2139,2310,-772,-299
-2142,2310,-844,292
-2144,2312,-623,-42
-2146,2313,-525,-69
-2146,2312,-124,-379
-2145,2312,90,20
-2146,2312,-483,85
-2150,2313,-753,89
-2153,2313,-480,9
-2154,2314,-536,146
-2156,2315,-620,-122
-2158,2314,-571,-784
-2159,2311,-379,-771
-2160,2309,-555,-589
-2161,2307,6,-410
-2160,2305,44,-401
-2158,2304,213,-173
-2157,2047,341,-362
-2155,2047,313,-330
-2154,2046,328,-295
-2152,2046,269,-283
-2150,2046,350,21
-2149,2047,128,31
-2147,2047,159,57
-2144,2047,168,93
-2142,2304,557,-115
-2139,2305,566,-75
-2137,2305,242,-96
-2134,2306,232,322
-2132,2308,150,378
-2131,2310,95,561
-2131,2313,-272,169
-2131,2315,-259,280
-2132,2316,-201,-4
-2133,2317,-234,-1
-2134,2318,-440,357
-2137,2320,-399,313
-2139,2322,-438,337
-2141,2323,-459,382
-2143,2325,-422,366
-2145,2327,-445,208
-2147,2329,-422,364
-2149,2331,-555,172
-2150,2333,-232,535
-2151,2336,-316,551
-2150,2338,140,306
-2149,2339,-31,79
-2147,2340,147,275
-2145,2342,183,327
-2143,2343,137,340
-2141,2346,374,206
-2140,2348,-91,289
-2138,2349,341,308
-2136,2351,563,293
-2133,2352,407,15
-2130,2351,170,-274
-2129,2352,-283,370
-2129,2354,-123,-76
-2128,2351,-112,-893
-2127,2348,27,-753
-2127,2345,-332,-675
-2128,2342,-321,-511
-2128,2340,-310,-397
-2128,2338,-315,-627
-2129,2336,-317,-602
-2129,2334,-379,-400
-2130,2332,-231,-823
-2132,2329,-499,-845
-2134,2326,-781,-818
-2137,2323,-791,-426
-2140,2321,-476,-598
-2142,2321,-395,87
-2144,2322,-577,33
-2146,2321,-679,-226
-2150,2320,-655,-230
-2152,2319,-792,-252
-2155,2318,-612,-148
-2157,2317,-825,-528
-2161,2315,-1102,-606
-2165,2314,-1056,-360
-2168,2314,-769,-321
-2169,2313,-353,-585
-2170,2311,-358,-549
-2171,2310,-233,35
-2172,2310,-564,-57
-2174,2312,-411,196
-2175,2314,-172,325
-2176,2316,33,-93
-1929,2320,-145,-526
-1930,2318,-217,-580
-1931,2317,-538,-518
-1933,2315,-567,-200
-1934,2315,-231,-370
-1935,2314,-238,-328
-1936,2314,-201,-69
-1938,2315,-400,-109
-1940,2315,-608,-364
-1941,2315,-539,-177
-1941,2314,77,-193
-1941,2313,-331,-598
-1942,2311,-228,-422
-1944,2309,-480,-141
-1945,2309,-313,78
-1946,2310,-624,290
-1948,2311,-453,-95
-1951,2312,-473,-101
-1953,2312,-494,-124
-1954,2313,49,37
-1954,2313,-28,-304
-1952,2312,-94,-309
-1952,2312,-275,43
-1952,2313,-307,337
-1953,2315,9,603
-1952,2316,-83,-9
-1951,2318,263,-24
-1951,2319,-276,285
-1951,2321,15,320
-1951,2322,99,-41
-1951,2324,-321,255
-1951,2327,-148,225
-1952,2329,-200,201
-1953,2331,-588,330
-1956,2332,-777,126
-1958,2333,-385,-36
-1960,2334,-392,349
-1961,2336,-188,31
-1961,2334,329,-776
-1959,2332,284,-446
-1958,2330,383,-152
-1958,2331,46,266
-1957,2332,294,120
-1955,2332,332,-331
-1954,2332,-49,3
-1953,2331,-46,-134
-1952,2331,308,-198
-1950,2330,547,-328
-1947,2329,549,-338
-1945,2329,142,-300
-1943,2329,129,-357
-1941,2329,-5,-118
-1940,2331,124,228
-1940,2333,-631,179
-1941,2334,101,-43
-1940,2336,-84,280
-1940,2337,-199,-68
-1941,2337,-587,81
-1943,2337,-402,-237
-1945,2336,-570,-336
-1947,2336,-596,-264
-1949,2336,-401,39
-1949,2336,75,-366
-1948,2335,347,-360
-1947,2335,-374,100
-1948,2335,-223,-291
-1949,2335,-535,-305
-1950,2335,-133,28
-1950,2335,78,-271
-1950,2334,-109,-304
-1947,2332,63,-303
-1946,2332,-41,-212
-1945,2331,289,-219
-1944,2330,-92,-151
-1943,2329,-65,-179
-1943,2329,71,69
-1943,2330,62,-124
-1942,2330,-111,-144
-1941,2328,120,-634
-1941,2326,78,-594
-1941,2325,-533,-247
-1943,2324,-218,-374
-1944,2323,-233,-341
-1945,2323,-189,-311
-1946,2323,-515,-334
-1947,2322,-214,27
-1950,2322,-423,-187
-1951,2321,-386,-195
-1953,2320,31,-257
-1953,2319,-376,-142
-1955,2319,-437,-260
-1957,2320,-418,72
-1959,2320,-573,86
-1960,2320,-244,28
-1961,2321,-219,297
-1962,2323,87,565
-1961,2326,-107,194
-1960,2328,-14,221
-1960,2330,85,201
-1959,2332,343,319
-1956,2333,587,-324
-1954,2332,198,-179
-1952,2331,357,-196
-1950,2330,146,-331
-1948,2329,-25,-244
-1949,2327,-212,-779
-1950,2325,-240,-590
-1952,2324,-408,-341
-1953,2323,-527,-305
-1954,2323,-180,6
-1955,2324,-186,108
-1956,2324,-219,-65
-1957,2325,-519,263
-1959,2327,-827,-53
-1962,2328,-736,-84
-1966,2328,-827,102
-1968,2329,-497,83
-1971,2329,-398,-33
-1973,2330,-581,56
-1974,2330,-174,108
-1974,2331,-370,116
-1975,2332,-346,50
-1975,2332,59,15
-1974,2332,113,-272
-1975,2331,-408,-175
-1977,2330,-597,-179
-1979,2330,-482,72
-1979,2331,-106,88
-1980,2331,-551,-69
-1981,2332,-551,-26
-1983,2332,-464,-348
-1986,2332,-464,-147
-1986,2332,-332,-38
-1987,2333,-244,-327
-1988,2332,-200,-213
-1989,2330,-272,-410
-1989,2328,14,-395
-1988,2327,-80,-585
-1987,2325,-7,-196
-1987,2323,58,-387
-1986,2321,70,-637
-1986,2319,78,-400
-1986,2317,58,-490
-1985,2315,75,-444
-1986,2312,-603,-433
-1988,2311,-531,-564
-1990,2311,-473,57
-1990,2311,75,-63
-1991,2312,-565,-80
-1992,2313,-222,-81
-1993,2314,-595,-98
-1995,2315,-612,93
-1996,2315,-577,-98
-1999,2316,-499,28
-2001,2316,-638,-269
-2002,2314,-531,-536
-2004,2313,-225,-543
-2003,2313,-16,93
-2002,2313,-2,17
-2001,2313,24,-165
-2001,2312,-311,-188
-2002,2311,-604,-258
-2003,2312,-82,-82
-2001,2313,158,49
-1999,2313,-21,100
-1999,2313,-356,-299
-2000,2312,-612,-527
-2002,2310,-499,-830
-2003,2309,-64,-279
-2002,2309,-338,-211
-2003,2307,-560,-559
-2005,2306,-421,-321
-2006,2306,-292,-175
-2006,2304,103,-542
-2005,2047,47,-384
-2005,2047,58,68
-2005,2304,118,342
-2004,2306,-111,155
-2003,2308,44,331
-2003,2310,-29,-65
-2001,2310,541,-310
-1998,2309,374,-552
-1997,2308,314,-201
-1995,2307,263,-569
-1995,2305,-274,-387
-1995,2047,37,-149
-1995,2047,-324,-170
-1995,2046,-333,26
-1996,2045,-189,-528
-1997,2043,-155,-770
-1998,2041,-294,-482
-1998,2039,-266,-246
-1998,2038,13,-201
-1997,2037,-8,-355
-1995,2037,576,263
-1992,2039,223,258
-1990,2040,291,119
-1989,2041,266,-80
-1988,2042,-30,-98
-1987,2043,98,299
-1987,2044,83,295
-1986,2046,44,128
-1986,2304,-298,559
-1986,2307,-279,222
-1987,2309,-338,169
-1987,2311,-594,157
-1990,2313,-840,-77
-1993,2313,-481,89
-1993,2313,-29,-141
-1994,2311,-520,-243
-1995,2310,-233,-211
-1997,2309,-399,-234
-1998,2308,-168,-155
-2000,2307,-430,-547
-2003,2306,-699,-364
-2006,2306,-862,47
-2009,2306,-388,311
-2010,2307,-376,-137
-2011,2306,-246,7
-2012,2308,-243,323
-2013,2310,-171,252
-2014,2312,-293,570
-2013,2315,115,518
-2013,2317,31,281
-2013,2318,-266,-22
-2013,2320,5,-58
-2013,2320,-267,-81
-2013,2321,-273,-378
-2013,2321,-370,-351
-2014,2320,-301,-287
-2014,2320,113,61
-2013,2321,-76,31
-2012,2321,-74,27
-2011,2321,291,-345
-2009,2320,226,-561
-2006,2318,349,-429
-2005,2316,-60,-240
-2004,2315,-118,-175
-2004,2316,-298,-90
-2005,2317,-330,93
-2004,2316,318,-520
-2002,2314,552,-445
-1999,2312,523,-549
-1996,2311,246,-513
-1994,2310,-16,-527
-1993,2309,295,-153
-1992,2308,270,-139
-1990,2308,578,-318
-1987,2308,537,64
-1984,2308,566,-4
-1981,2310,180,374
-1980,2312,-101,192
-1979,2314,122,383
-1979,2316,84,342
-1979,2317,91,328
-1977,2319,277,354
-1976,2321,-30,381
-1976,2323,-535,170
-1979,2325,-668,-30
-1982,2326,-473,-116
-1984,2325,-336,113
-1985,2325,-256,19
-1986,2325,-244,-266
-1987,2325,-192,-274
-1989,2325,-561,-328
-1991,2324,-814,-153
-1994,2323,-774,-251
-1996,2322,-471,-249
-1998,2320,-446,-563
-2000,2319,-402,-561
-2003,2317,-421,-610
-2005,2315,-586,-573
-2006,2313,-177,-787
-2006,2310,91,-679
-2005,2307,100,-836
-2005,2304,-121,-815
-2004,2045,-77,-773
-2003,2043,-95,-406
-2002,2041,287,-637
-2000,2040,555,-218
-1998,2039,285,-362
-1996,2038,561,-344
-1993,2038,594,-292
-1990,2038,524,-283
-1987,2038,595,-271
-1984,2038,634,34
-1981,2038,579,46
-1978,2039,597,-71
-1975,2040,544,-7
-1973,2041,146,349
-1971,2043,-38,373
-1971,2045,-308,-117
-1971,2046,42,-57
-1969,2047,597,286
-1966,2305,443,273
-1963,2306,161,-45
-1962,2307,-35,183
-1960,2309,341,314
-1959,2310,345,-307
-1957,2308,-48,-433
-1958,2305,-320,61
-1959,2305,-340,-210
-1959,2047,-375,-228
-1960,2046,-382,-526
-1960,2045,-373,-559
-1960,2044,38,-545
-1960,2042,80,-247
-1960,2041,-227,-560
-1962,2039,-409,-530
-1964,2038,-615,-239
-1963,2037,-75,1
-1962,2036,263,-360
-1961,2036,-271,-307
-1963,2036,-790,-372
-1965,2035,-817,-583
-1968,2034,-827,-205
-1968,2033,-296,-359
-1969,2032,-350,-204
-1970,2031,-221,-165
-1971,2031,-572,-174
-1973,2030,-463,-211
-1975,2029,-391,-177
-1977,2028,-561,-129
-1978,2027,-218,-339
-1979,2027,-189,51
-1981,2028,-522,-25
-1982,2030,-551,338
-1984,2031,-610,346
-1985,2033,-580,325
-1987,2035,-579,325
-1989,2036,-635,349
-1990,2037,-251,108
-1991,2039,-528,222
-1993,2041,-192,532
-1993,2044,-327,217
-1993,2046,-84,196
-1993,2304,6,327
-1993,2305,-270,267
-1993,2307,290,47
-1991,2307,-26,-265
-1991,2306,-110,-161
-1990,2306,128,72
-1987,2307,189,280
-1986,2308,357,368
-1984,2311,82,563
-1984,2313,-38,142
-1982,2315,197,329
-1981,2317,-290,294
-1983,2317,-894,51
-1986,2317,-801,-135
-1988,2315,-456,-425
-1988,2315,-53,91
-1987,2316,-97,62
-1986,2315,-279,-129
-1987,2315,-255,-365
-1988,2314,-205,-383
-1990,2314,-408,66
-1991,2314,-250,77
-1993,2315,-204,103
-1994,2315,-163,92
-1993,2316,113,-126
-1993,2317,-381,-75
-1995,2317,-482,25
-1997,2317,-457,-315
-1999,2317,-427,-344
-2001,2316,-235,-442
-2001,2314,-83,-609
-2001,2312,-133,-304
-2001,2312,72,-171
-2001,2311,72,-175
-2000,2310,-124,2
-1999,2310,-21,-336
-1998,2309,-21,-536
-1998,2307,-159,-664
-1999,2304,-216,-509
-1999,2304,116,-24
-1998,2305,8,277
-1999,2306,-362,103
-1999,2305,26,-837
-1999,2046,70,-648
-1998,2043,86,-774
-1998,2041,34,-473
-1998,2039,187,-246
-1997,2037,118,-569
-1996,2036,380,-182
-1994,2035,339,-156
-1993,2035,37,53
-1992,2035,355,-355
-1990,2033,560,-391
-1987,2031,158,-393
-1986,2030,310,-232
-1984,2028,341,-423
-1983,2026,284,-422
-1981,2024,-44,-448
-1980,2022,-74,-386
-1979,2019,-21,-814
-1978,2016,-75,-725
-1977,2012,-125,-1027
-1977,2008,43,-1038
-1977,2005,-318,-708
-1978,2002,-631,-223
-1980,2002,-459,118
-1983,2002,-422,-365
-1984,2001,-369,-403
-1984,1999,75,-534
-1983,1998,50,-169
-1983,1998,-138,43
-1984,1998,-361,108
-1984,1999,-301,-29
-1984,2000,31,282
-1983,2002,334,155
-1981,2004,515,182
-1978,2007,244,154
-1976,2008,172,363
-1974,2010,358,332
-1972,2012,184,178
-1970,2014,202,332
-1967,2016,589,320
-1964,2017,590,261
-1961,2018,597,-38
-1958,2019,582,-8
-1955,2020,591,-177
-1952,2019,339,53
-1951,2019,-370,-218
-1952,2018,-72,-186
-1950,2017,270,-210
-1949,2016,218,-612
-1946,2014,303,-578
-1946,2012,-126,-566
-1945,2011,90,-521
-1945,2009,-350,-401
-1946,2008,-335,-557
-1945,2006,125,-598
-1945,2004,-102,-570
-1944,2003,-100,-528
-1943,2002,368,-147
-1941,2002,358,-548
-1939,2000,351,-541
-1938,1999,331,-553
-1936,1997,334,-558
-1936,1997,-237,117
-1938,1998,-572,119
-1939,1998,-384,-268
-1939,1998,-295,-306
-1939,1998,73,64
-1939,1999,101,83
-1938,1998,95,-343
-1938,1998,0,-346
-1938,1998,-323,-270
-1939,1998,-375,-263
-1940,1998,-614,-276
-1943,1997,-814,-271
-1946,1997,-819,-368
-1947,1997,-325,28
-1948,1996,-186,-369
-1949,1996,-186,-516
-1950,1995,-514,-540
-1951,1993,-192,-388
-1952,1992,-169,-532
-1952,1990,-351,-190
-1952,1990,80,87
-1952,1991,126,27
-1951,1991,-265,6
-1953,1990,-511,-270
-1956,1991,-494,102
-1958,1991,-624,10
-1960,1991,-631,123
-1962,1992,-577,284
-1963,1994,-172,372
-1963,1996,103,227
-1962,1998,31,319
-1963,2000,-196,178
-1963,2002,33,314
-1962,2002,160,-245
-1960,2001,370,-597
-1959,1999,-121,-610
-1958,1997,-19,-156
-1957,1997,-76,-167
-1956,1996,40,-207
-1956,1995,-298,-379
-1956,1994,81,-316
-1956,1994,-337,-371
-1957,1993,-537,-137
-1958,1993,-197,-258
-1959,1993,-133,-379
-1960,1992,-219,23
-1961,1993,-188,-118
-1961,1993,-128,-262
-1959,1993,592,-130
-1957,1992,340,-219
-1955,1991,106,-587
-1955,1989,30,-139
-1955,1989,-50,92
-1954,1992,-84,241
-1953,1994,102,255
-1952,1997,85,619
-1952,1999,86,152
-1952,2001,75,359
-1951,2003,70,327
-1951,2004,53,300
-1951,2006,-346,354
-1952,2008,-158,52
-1953,2009,-339,218
-1952,2012,-116,389
-1951,2015,258,214
-1950,2017,287,364
-1949,2018,-49,-98
-1948,2019,-7,-124
-1946,2020,281,62
-1945,2020,129,-176
-1944,2018,281,-638
-1941,2017,591,-191
-1938,2016,522,1
-1936,2017,338,-76
-1935,2017,-106,95
-1936,2017,-239,29
-1937,2018,-613,88
-1938,2018,53,-127
-1936,2018,615,-130
-1933,2018,190,-378
-1934,2017,-618,-327
-1936,2017,-425,52
-1938,2017,-530,-291
-1938,2017,-96,-281
-1937,2017,134,91
-1934,2019,340,-5
-1934,2020,276,-29
-1933,2021,-43,-23
-1932,2022,-53,-16
-1930,2023,-43,-13
-1930,2023,-308,-316
-1931,2023,-364,-253
-1931,2022,-323,-366
-1932,2022,-133,-74
-1933,2023,-173,361
-1933,2025,-328,-13
-1933,2026,-272,-63
-1934,2026,-617,-294
-1937,2025,-796,-223
-1939,2024,-593,-411
-1941,2023,-616,-325
-1943,2023,-458,72
-1944,2023,-194,-201
-1945,2022,5,-517
-1944,2021,313,-129
-1943,2021,-337,-70
-1945,2022,-780,-58
-1947,2023,-514,79
-1946,2022,165,-385
-1944,2021,209,-576
-1942,2018,157,-796
-1942,2018,-146,-318
-1942,2017,105,-613
-1941,2015,267,-574
-1940,2014,101,-165
-1940,2013,-126,-336
-1939,2013,-68,-356
-1938,2012,-9,-545
-1936,2010,-37,-391
-1936,2008,-272,-594
-1938,2006,-413,-778
-1938,2006,72,62
-1938,2006,-270,-347
-1938,2004,0,-414
-1938,2002,11,-425
-1938,2002,-257,-96
-1938,2003,-298,-48
-1938,2003,28,94
-1938,2003,6,-357
-1938,2003,-289,-377
-1938,2002,-277,-150
-1939,2001,-569,-157
-1941,2000,-249,-209
-1942,1999,-590,-369
-1944,1999,-427,83
-1946,2001,-241,137
-1946,2003,-159,323
-1947,2004,-156,-48
-1948,2005,34,-268
-1948,2006,1,-2
-1948,2007,-267,131
-1948,2010,-337,519
-1948,2012,-372,521
-1949,2014,-299,349
-1949,2016,-280,27
-1949,2017,-66,402
-1948,2021,-41,433
-1946,2024,-59,142
-1947,2023,-165,-238
-1948,2022,69,121
-1948,2023,-150,564
-1949,2026,-246,238
-1950,2028,-202,160
-1950,2030,-296,346
-1951,2032,-533,329
-1953,2033,-445,-30
-1955,2034,-437,-120
-1957,2034,90,117
-1956,2036,285,382
-1955,2038,-75,288
-1955,2038,-429,-133
-1958,2037,-836,-561
-1960,2035,-549,-561
-1960,2033,-28,-496
-1959,2031,-120,-243
-1959,2031,-372,262
-1960,2033,-170,544
-1961,2036,-513,370
-1963,2037,-808,51
-1965,2037,-389,60
-1965,2037,249,-257
-1962,2037,426,-276
-1959,2037,205,68
-1957,2038,-12,268
-1956,2040,-43,285
-1954,2041,289,268
-1953,2041,134,-540
-1951,2040,320,-571
-1950,2038,284,-631
-1948,2036,287,-402
-1947,2034,277,-406
-1946,2032,-62,-420
-1945,2030,-101,-609
-1944,2028,271,-422
-1943,2026,118,-849
-1942,2022,-277,-1083
-1943,2018,-341,-696
-1943,2015,-353,-838
-1943,2012,62,-824
-1942,2010,315,-447
-1942,2008,-226,-571
-1944,2006,-787,-238
-1947,2005,-488,-158
-1949,2006,119,-305
-1949,2006,-378,-103
-1950,2007,-620,-31
-1952,2008,-583,-48
-1953,2009,-256,-25
-1955,2010,-569,-66
-1956,2011,-621,-111
-1958,2012,-391,110
-1960,2012,-399,60
-1962,2012,-467,24
-1965,2013,-660,85
-1968,2013,-812,81
-1971,2014,-872,-52
-1974,2015,-494,-29
-1976,2016,-476,-70
-1979,2017,-463,-77
-1980,2019,-302,567
-1980,2021,11,252
-1980,2024,-263,373
-1979,2025,314,355
-1976,2027,237,351
-1974,2029,370,329
-1972,2030,189,-97
-1970,2030,591,-202
-1967,2029,231,-522
-1965,2027,213,-591
-1963,2026,361,-551
-1961,2025,301,-558
-1960,2023,-24,-410
-1959,2020,-135,-793
-1959,2019,-330,-599
-1960,2017,8,-425
-1959,2014,86,-835
-1959,2011,-39,-652
-1958,2008,-100,-413
-1956,2006,274,-597
-1955,2005,-67,-530
-1954,2003,-125,-254
-1953,2003,377,-52
-1951,2005,-46,541
-1952,2005,-351,275
-1952,2007,54,-7
-1951,2008,57,-3
-1951,2010,82,315
-1950,2012,118,137
-1950,2014,33,201
-1950,2016,39,186
-1949,2018,283,151
-1947,2020,130,346
-1945,2022,-231,414
-1945,2022,-42,-257
-1944,2021,305,-155
-1942,2020,277,-603
-1941,2019,119,-226
-1941,2018,-96,-538
-1939,2016,72,-528
-1938,2014,323,-417
-1937,2012,359,-582
-1934,2011,418,-356
-1931,2011,589,-262
-1928,2011,214,-187
-1926,2011,239,291
-1923,2013,333,135
-1923,2015,-150,191
-1924,2017,-358,345
-1924,2017,108,30
-1923,2017,-285,-122
-1924,2018,-538,-80
-1926,2019,-635,-121
-1928,2020,-565,109
-1929,2020,-185,-526
-1930,2019,-131,-324
-1930,2019,-313,-364
-1930,2018,35,-131
-1930,2017,-121,-275
-1929,2017,-122,-172
-1928,2015,107,-504
-1928,2013,41,-620
-1928,2011,95,-568
-1927,2009,-121,-553
-1927,2009,-128,-323
-1926,2008,-123,-280
-1925,2008,67,-202
-1925,2006,-289,-503
-1926,2004,-381,-469
-1927,2001,-522,-632
-1927,2003,-121,296
-1926,2004,-58,355
-1925,2005,-326,58
-1926,2004,-175,-887
-1927,2001,-152,-888
-1927,1999,42,44
-1927,1999,106,-161
-1926,1998,127,-211
-1926,1996,-271,-384
-1926,1996,-269,-292
-1926,1996,-131,9
-1928,1996,-591,-102
-1931,1999,-863,185
-1931,1999,67,-291
-1931,1998,-237,-268
-1933,1999,-490,-99
-1935,2000,-854,-118
-1937,2001,-585,-82
-1939,2001,-538,-78
-1940,2002,-526,-71
-1942,2003,-522,-80
-1944,2004,-842,27
-1947,2004,-683,-347
-1950,2003,-722,-538
-1954,2001,-650,-636
-1957,1999,-499,-599
-1959,1998,-577,-160
-1960,1997,-281,-373
-1959,1996,-299,-196
-1960,1995,-245,-230
-1962,1994,-507,-184
-1964,1993,36,-557
-1965,1993,-515,-69
-1966,1995,-531,300
-1967,1996,-168,314
-1968,1998,-218,306
-1970,1999,98,1
-1969,1999,61,-381
-1969,1998,40,-372
-1969,1998,-136,-41
-1970,2000,-304,213
-1970,2002,124,230
-1968,2005,261,128
-1967,2006,-78,257
-1966,2008,-74,-32
-1965,2009,-21,-26
-1964,2010,320,285
-1962,2011,164,325
-1959,2013,632,-70
-1956,2013,399,103
-1952,2014,612,-276
-1950,2013,545,-374
-1947,2013,547,-168
-1944,2011,556,-623
-1942,2009,141,-459
-1940,2007,-16,-415
-1939,2005,75,-866
-1939,2002,37,-491
-1939,1999,-137,-769
-1941,1997,-398,-460
-1943,1995,-447,-243
-1945,1994,-247,-355
-1946,1994,-211,-299
-1947,1994,-521,87
-1948,1995,-559,-76
-1950,1996,-211,-8
-1951,1997,-345,-7
-1950,1998,-122,270
-1950,1999,-92,-124
-1948,2000,277,112
-1947,2001,378,-88
-1945,2002,179,-37
-1942,2003,158,319
-1940,2005,131,291
-1939,2006,344,-59
-1937,2007,339,-65
-1935,2009,160,196
-1933,2011,379,235
-1932,2014,55,173
-1932,2015,-135,-51
-1933,2016,-572,-51
-1936,2017,-885,-99
-1939,2018,-489,-97
-1939,2018,-285,92
-1940,2019,-624,344
-1942,2022,-834,514
-1945,2024,-396,186
-1947,2026,-637,43
-1949,2026,-246,-24
-1948,2028,-86,385
-1947,2031,320,545
-1945,2034,348,178
-1944,2036,356,332
-1942,2037,-82,288
-1942,2039,-81,283
-1941,2040,-54,-8
-1939,2040,359,-308
-1937,2040,55,-347
-1936,2039,340,-327
-1934,2040,513,277
-1932,2041,265,-105
-1931,2041,-68,-295
-1930,2041,-2,-360
-1929,2041,23,-69
-1929,2042,-206,371
-1931,2044,-611,-55
-1933,2044,34,47
-1933,2044,-131,-170
-1934,2043,-254,-318
-1935,2043,-608,-301
-1938,2043,-776,30
-1941,2043,-785,74
-1943,2044,-528,7
-1944,2044,-611,-258
-1946,2043,-815,-165
-1949,2042,-452,-213
-1951,2041,-558,-592
-1951,2040,-122,-119
-1951,2040,-279,-177
-1952,2038,-134,-434
-1953,2036,-183,-512
-1954,2033,-211,-456
-1955,2031,-169,-450
-1955,2029,-164,-466
-1956,2026,-156,-872
-1957,2023,-338,-890
-1957,2020,-372,-488
-1957,2018,-107,-473
-1956,2016,-69,-398
-1955,2014,271,-410
-1953,2012,319,-624
-1952,2010,363,-616
-1950,2008,133,-431
-1948,2005,164,-714
-1946,2001,297,-660
-1945,1997,-103,-731
-1945,1994,66,-482
-1945,1992,-138,-423
-1945,1989,-274,-649
-1946,1986,-177,-498
-1947,1984,-567,-330
-1948,1984,106,-84
-1947,1984,126,76
-1946,1985,-37,-265
-1946,1984,-347,-169
-1948,1983,-438,-543
-1950,1982,-510,-378
-1952,1982,-395,115
-1954,1983,-827,4
-1956,1982,-578,-262
-1958,1982,-464,-300
-1960,1982,54,-340
-1959,1981,285,-337
-1957,1981,268,-149
-1957,1980,8,-317
-1957,1981,-385,211
-1960,1983,-802,228
-1961,1985,-145,299
-1962,1987,-141,128
-1963,1987,-380,-367
-1963,1986,-314,-358
-1963,1986,57,-144
-1963,1985,107,-348
-1963,1985,-287,92
-1963,1985,-219,79
-1965,1986,-800,-41
-1968,1987,-447,-83
-1970,1988,-478,12
-1972,1988,-452,-269
-1973,1988,-299,-76
-1973,1990,-262,281
-1973,1991,-279,-127
-1973,1990,-353,-229
-1974,1989,127,-425
-1973,1988,121,101
-1973,1990,3,-4
-1973,1989,85,-431
-1972,1987,37,-861
-1972,1984,63,-776
-1972,1982,-300,-487
-1972,1979,102,-509
-1970,1977,142,-595
-1969,1976,259,-297
-1968,1975,117,-324
-1968,1975,-209,81
-1969,1976,-147,-56
-1969,1977,28,-125
-1969,1978,-327,77
-1970,1978,-551,0
-1971,1978,-193,58
-1972,1978,-129,-79
-1973,1979,-303,-107
-1973,1979,12,12
-1972,1979,55,-277
-1971,1979,-9,-204
-1969,1978,213,-156
-1967,1977,371,-527
-1966,1976,308,-213
-1964,1975,304,-223
-1963,1974,-125,86
-1962,1976,-55,321
-1961,1976,-116,-241
-1961,1974,-288,-422
-1962,1972,-544,-394
-1962,1971,-123,-370
-1961,1970,-70,-308
-1961,1970,-351,-266
-1962,1971,-249,-106
-1963,1971,-216,-95
-1964,1973,-342,147
-1964,1975,-328,307
-1965,1976,-232,-85
-1966,1976,-330,123
-1965,1977,-11,65
-1964,1977,-281,-89
-1963,1976,-34,-210
-1962,1975,-112,-256
-1962,1974,82,-579
-1961,1972,66,-402
-1961,1970,6,-461
-1961,1967,51,-453
-1960,1965,113,-418
-1960,1964,24,-519
-1960,1963,117,-214
-1959,1962,95,-187
-1959,1961,73,-159
-1959,1960,62,-129
-1958,1959,58,-378
-1958,1959,78,-330
-1958,1959,-295,-133
-1958,1958,120,-224
-1957,1957,303,-274
-1956,1957,259,28
-1954,1957,296,68
-1953,1958,-30,-42
-1951,1959,207,264
-1949,1960,213,-10
-1946,1961,528,59
-1944,1962,164,74
-1942,1962,192,38
-1940,1962,176,-151
-1938,1961,317,-221
-1937,1959,-58,-548
-1937,1957,-111,-595
-1937,1957,-229,-119
-1938,1958,-182,117
-1938,1956,344,-810
-1935,1954,159,-449
-1934,1952,119,-569
-1934,1952,-311,298
-1934,1954,-352,165
-1934,1956,111,258
-1933,1956,333,-629
-1932,1953,-123,-448
-1932,1953,-225,14
-1934,1952,-199,-558
-1935,1951,-145,-208
-1935,1950,-185,-237
-1936,1949,-176,-522
-1937,1949,-328,-104
-1937,1950,58,-73
-1937,1950,-297,108
-1938,1951,-241,89
-1939,1951,-637,116
-1941,1952,-629,117
-1943,1953,-554,-66
-1944,1954,-240,222
-1945,1957,-147,132
-1945,1959,57,353
-1945,1959,-368,-320
-1945,1959,-268,-229
-1945,1959,13,311
-1945,1962,-318,442
-1946,1965,-274,569
-1946,1968,-286,560
-1946,1970,47,347
-1946,1972,-294,356
-1946,1974,-354,128
-1947,1976,-194,166
-1949,1978,-424,568
-1951,1981,-432,205
-1954,1983,-693,352
-1957,1984,-895,-30
-1960,1985,-879,-54
-1963,1986,-887,110
-1967,1986,-831,-278
-1969,1986,-510,-167
-1972,1984,-457,-252
-1974,1983,-439,-596
-1975,1981,-230,-548
-1976,1980,-526,-249
-1979,1979,-795,-565
-1982,1978,-705,-156
-1985,1977,-606,-261
-1985,1976,-294,-527
-1985,1975,104,-393
-1985,1973,-230,-322
-1987,1974,-600,100
-1988,1976,-147,139
-1988,1978,-304,228
-1989,1980,53,408
-1989,1982,16,128
-1989,1984,40,343
-1989,1986,86,330
-1988,1987,125,322
-1987,1989,312,148
-1985,1991,345,552
-1984,1994,321,577
-1982,1997,264,551
-1981,2000,308,518
-1979,2002,-2,227
-1978,2005,-108,233
-1978,2007,9,278
-1978,2008,57,296
-1978,2009,-258,13
-1978,2009,22,119
-1977,2010,83,87
-1976,2011,173,334
-1974,2013,354,-6
-1972,2014,292,-46
-1971,2015,274,-64
-1970,2016,-116,53
-1970,2016,-357,-104
-1969,2017,566,60
-1966,2017,608,-267
-1963,2016,512,-349
-1961,2016,354,-355
-1960,2015,266,-200
-1959,2014,-72,-547
-1958,2012,286,-406
-1956,2010,333,-407
-1954,2008,383,-461
-1952,2006,372,-415
-1951,2004,366,-477
-1949,2001,343,-497
-1947,1999,-22,-509
-1946,1996,-83,-454
-1946,1994,111,-464
-1945,1991,17,-501
-1946,1989,-359,-450
-1946,1987,-192,-401
-1947,1985,-537,-575
-1949,1983,-547,-540
-1950,1982,-549,-191
-1952,1981,-551,-362
-1953,1981,-213,34
-1953,1983,-19,623
-1953,1984,-96,-276
-1952,1984,-51,-336
-1951,1983,-127,-312
-1950,1984,-285,261
-1951,1985,-144,291
-1952,1987,-178,-28
-1953,1988,-218,-21
-1954,1988,-387,-144
-1955,1988,-364,-102
-1956,1988,-557,58
-1958,1988,-461,-190
-1960,1987,-390,-254
-1962,1986,-618,-539
-1964,1984,-585,-542
-1966,1983,-543,-426
-1967,1980,-607,-557
-1969,1979,-605,-528
-1970,1977,101,-772
-1968,1974,546,-454
-1966,1973,578,109
-1965,1973,-321,-65
-1964,1974,-71,-330
-1963,1973,190,17
-1961,1974,312,41
-1959,1974,177,-291
-1956,1973,388,-558
-1953,1971,620,-431
-1950,1969,234,-582
-1948,1967,171,-458
-1946,1965,328,-472
-1945,1963,-69,-224
-1944,1962,261,15
-1943,1962,-46,43
-1942,1963,-37,-266
-1941,1962,-611,-331
-1942,1962,-239,-130
-1943,1961,-183,-296
-1944,1961,-172,-272
-1945,1960,-241,-393
-1946,1958,60,126
-1946,1957,-265,-627
-1946,1955,26,-556
-1946,1954,74,-539
-1945,1953,-115,-534
-1945,1952,38,-270
-1945,1952,-321,57
-1945,1952,-169,-77
-1946,1953,-135,21
-1946,1953,10,83
-1946,1954,-12,-56
-1945,1954,-36,65
-1944,1954,78,4
-1944,1955,63,-124
-1944,1956,-359,-4
-1945,1957,-627,355
-1947,1959,-608,265
-1948,1960,-455,-293
-1951,1960,-417,-309
-1953,1959,-637,-354
-1954,1959,-369,18
-1955,1958,-558,-405
-1956,1956,-159,-438
-1957,1955,-365,-248
-1957,1953,-281,-519
-1957,1952,33,-560
-1957,1951,39,-484
-1957,1948,32,-579
-1957,1947,-317,-613
-1957,1945,-348,-530
-1958,1944,-171,-138
-1959,1943,-550,-185
-1961,1942,-610,-302
-1962,1942,-177,-245
-1962,1940,291,-436
-1960,1938,-299,-125
-1959,1940,304,323
-1958,1941,-92,348
-1957,1942,383,4
-1955,1942,171,35
-1952,1942,245,-272
-1951,1943,332,124
-1949,1943,-17,64
-1947,1943,146,28
-1946,1943,356,36
-1944,1944,235,60
-1941,1944,582,72
-1938,1944,559,11
-1936,1944,356,-332
-1934,1944,259,-293
-1933,1943,-38,-351
-1934,1944,-155,-293
-1934,1943,-306,-291
-1934,1943,-61,-127
-1933,1945,-27,293
-1932,1946,-79,314
-1931,1948,97,214
-1931,1951,4,578
-1931,1954,-518,214
-1932,1955,-131,-12
-1933,1956,-354,-50
-1932,1956,-104,-148
-1932,1956,-304,102
-1933,1957,-551,612
-1934,1961,-532,633
-1935,1964,-238,561
-1937,1966,-212,128
-1938,1968,-196,368
-1939,1970,-149,128
-1939,1972,-376,199
-1940,1974,-330,622
-1940,1978,-346,589
-1940,1980,55,579
-1939,1983,-14,569
-1938,1986,263,217
-1937,1988,280,285
-1938,1988,-347,-210
-1938,1987,-227,-548
-1939,1986,4,-171
-1939,1986,-125,82
-1938,1987,45,604
-1938,1988,-275,525
-1938,1990,-307,294
-1938,1991,-274,-50
-1939,1992,-301,-78
-1939,1993,-348,-12
-1940,1995,-177,233
-1940,1997,-330,538
-1940,2000,-54,247
-1940,2002,126,307
-1939,2003,10,-32
-1939,2004,45,297
-1939,2006,3,383
-1939,2008,-375,335
-1939,2009,42,18
-1938,2007,124,-887
-1939,2007,-131,-282
-1939,2007,-207,-93
-1939,2007,351,-557
-1937,2005,554,-495
-1934,2003,152,-616
-1934,2001,-317,-456
-1934,1998,-373,-397
-1934,1997,266,92
-1933,1999,-75,140
-1932,2001,-71,137
-1931,2002,292,113
-1929,2003,213,99
-1927,2003,112,23
-1928,2003,-558,-135
-1930,2001,-401,-552
-1930,2001,-56,86
-1928,2001,343,-120
-1927,2002,-55,46
-1927,2002,-148,38
-1928,2003,-451,-74
-1930,2003,-228,-164
-1931,2001,-367,-583
-1931,2000,-334,-343
-1931,2000,38,118
-1930,2001,466,-14
-1927,2003,596,289
-1927,2003,42,-314
-1927,2002,76,-284
-1926,2002,82,-274
-1926,2002,-305,-294
-1926,2002,60,34
-1925,2002,-123,-120
-1925,2003,95,47
-1925,2003,-289,-25
-1925,2005,54,277
-1925,2004,-280,-255
-1925,2003,9,-363
-1925,2004,-173,138
-1926,2006,-342,276
-1927,2008,-275,217
-1927,2010,-169,159
-1927,2012,374,205
-1926,2014,346,350
-1924,2015,-10,-93
-1923,2016,-64,39
-1922,2016,330,-122
-1921,2017,267,91
-2175,2017,302,-333
-2174,2016,-7,-360
-2172,2015,-39,-173
-2173,2015,-367,46
-2173,2016,0,-322
-2173,2015,27,-539
-2173,2013,-258,-457
-2173,2010,-293,-392
-2174,2008,-516,-826
-2175,2006,-290,-295
-2176,2005,-188,-223
-1921,2004,-217,-246
-1922,2003,-243,-529
-1923,2001,-236,-565
-1924,2000,-227,-585
-1925,1998,-197,-564
-1926,1997,-183,-599
-1927,1995,-181,-410
-1928,1992,-158,-772
-1929,1990,-134,-470
-1929,1988,-360,-772
-1930,1985,-315,-804
-1930,1982,-281,-847
-1930,1979,32,-690
-1930,1976,32,-835
-1929,1973,-64,-851
-1928,1970,276,-777
-1926,1968,191,-415
-1924,1967,347,-340
-1922,1967,159,-329
-2175,1966,619,-228
-2172,1965,447,-233
-2170,1964,289,-249
-2170,1964,-175,83
-2170,1963,62,-374
-2169,1963,-65,-303
-2167,1963,585,2
-2164,1963,532,78
-2162,1964,303,-13
-2161,1965,-17,-3
-2159,1966,524,112
-2156,1966,432,-231
-2153,1964,517,-558
-2151,1963,364,-561
-2150,1961,-41,-211
-2149,1961,-96,-266
-2149,1961,-94,5
-2148,1961,-118,0
-2147,1961,84,-283
-2147,1960,-348,-559
-2148,1959,-575,-541
-2149,1957,-531,-175
-2151,1957,-622,-137
-2152,1956,-537,-224
-2154,1955,-628,-228
-2156,1954,-465,-327
-2159,1954,-471,85
-2161,1954,-420,-107
-2162,1956,-358,171
-2162,1958,38,202
-2161,1960,340,-51
-2160,1960,-33,-126
-2159,1961,-101,115
-2159,1961,-109,66
-2157,1962,173,-42
-2155,1964,182,334
-2152,1965,161,321
-2150,1967,372,344
-2149,1968,261,-63
-2148,1969,-327,39
-2147,1970,130,-64
-2145,1971,562,-48
-2142,1971,151,103
-2142,1972,-9,-170
-2141,1970,-67,-236
-2139,1969,291,-517
-2138,1968,315,-208
-2136,1967,343,-153
-2134,1966,213,-358
-2133,1966,-8,-310
-2132,1966,-82,-260
-2131,1966,-94,67
-2130,1966,-102,-116
-2129,1967,-22,72
-2128,1967,-18,70
-2126,1968,300,-56
-2125,1969,-98,364
-2125,1971,51,361
-2125,1973,-210,523
-2126,1975,-303,221
-2126,1977,-331,154
-2127,1979,-327,146
-2127,1981,-132,376
-2127,1984,-315,212
-2127,1986,-52,219
-2126,1987,-192,-211
-2127,1986,-249,-585
-2128,1985,-332,-196
-2128,1985,-125,247
-2127,1988,-90,636
-2126,1991,-115,286
-2126,1992,-29,126
-2124,1992,-38,36
-2125,1992,-548,-127
-2127,1993,-682,29
-2130,1993,-444,35
-2133,1993,-398,-79
-2134,1995,-606,325
-2136,1995,-640,-289
-2138,1994,-379,-593
-2138,1992,27,-466
-2138,1990,-532,-577
-2140,1988,-591,-598
-2141,1987,-335,-152
-2141,1987,110,268
-2140,1990,-33,796
-2139,1993,-283,-295
-2139,1993,-284,-74
-2139,1994,63,-1
-2139,1996,38,-1
-2139,1997,25,299
-2138,1999,-18,512
-2136,2002,133,249
-2134,2004,149,145
-2132,2006,381,286
-2130,2007,179,263
-2130,2009,-291,195
-2130,2011,-384,171
-2131,2013,15,-105
-2130,2013,-257,-143
-2130,2012,-276,-160
-2131,2011,0,-269
-2131,2011,-346,-285
-2131,2011,-293,55
-2131,2011,-124,-572
-2131,2009,61,-407
-2130,2007,-348,-211
-2129,2006,-288,-184
-2128,2005,299,-233
-2127,2004,285,-216
-2126,2003,260,-250
-2126,2002,-134,-346
-2126,2002,-293,-355
-2126,2001,-276,-551
-2127,1998,25,-850
-2126,1995,6,-880
-2126,1995,80,120
-2126,1995,14,68
-2125,1995,-110,-524
-2124,1993,205,-783
-2121,1990,586,-391
-2120,1990,21,-56
-2119,1990,381,-139
-2117,1989,317,-341
-2115,1989,372,-219
-2114,1987,-71,-393
-2113,1985,291,-490
-2112,1983,268,-433
-2110,1982,364,-315
-2109,1982,-71,93
-2108,1982,275,-266
-2107,1982,-62,22
-2106,1982,-82,-280
-2105,1981,118,-274
-2105,1982,-154,123
-2107,1983,-736,256
-2111,1984,-698,300
-2113,1985,-284,32
-2114,1985,-186,-286
-2115,1985,-555,39
-2117,1985,-554,-276
-2119,1986,-443,125
-2121,1987,-638,-66
-2122,1989,-196,633
-2123,1992,-155,543
-2124,1994,-170,370
-2124,1996,-320,354
-2125,1998,-305,343
-2125,1999,21,365
-2125,2001,117,161
-2124,2003,-100,136
-2122,2006,299,246
-2121,2008,292,217
-2119,2011,362,235
-2118,2013,259,527
-2117,2015,96,377
-2117,2017,-183,278
-2118,2019,-212,342
-2118,2020,164,-118
-2116,2020,155,31
-2114,2019,266,-216
-2112,2018,350,-531
-2111,2016,-60,-448
-2110,2015,114,-574
-2110,2013,77,-592
-2109,2012,-84,-214
-2108,2010,-79,-395
-2107,2008,-86,-420
-2107,2006,-133,-769
-2109,2003,-443,-547
-2111,2002,-475,-148
-2113,2001,-542,-424
-2115,1999,-559,-404
-2116,1997,-525,-376
-2117,1998,-155,118
-2117,1998,17,-102
-2115,2000,143,-44
-2113,2001,382,-84
-2111,2001,153,-118
-2109,2002,179,105
-2107,2002,-89,-309
-2106,2002,183,82
-2103,2003,582,-6
-2101,2004,169,-80
-2099,2005,303,-40
-2098,2006,-75,307
-2097,2007,78,364
-2097,2009,18,263
-2097,2010,-262,-102
-2097,2011,-264,-115
-2097,2011,40,-114
-2096,2012,101,134
-2096,2015,111,181
-2095,2017,112,345
-2093,2018,132,-80
-2092,2019,8,114
-2091,2019,139,-74
-2089,2020,321,107
-2087,2020,-24,-359
-2086,2019,-34,-157
-2085,2018,88,83
-2084,2018,-80,-293
-2083,2018,-80,-278
-2083,2018,20,-522
-2083,2016,-198,-496
-2085,2013,-491,-571
-2087,2012,-254,-346
-2088,2012,-219,8
-2089,2012,-229,66
-2090,2013,-252,115
-2091,2013,-560,-121
-2093,2014,-551,124
-2095,2015,-439,91
-2097,2015,-506,62
-2100,2015,-503,51
-2102,2015,-463,27
-2103,2015,-536,-353
-2105,2015,-653,-15
-2109,2017,-675,320
-2112,2018,-782,140
-2114,2020,-412,174
-2116,2022,-507,257
-2119,2023,-488,-56
-2120,2025,-206,205
-2121,2027,-85,169
-2119,2029,517,294
-2116,2030,203,127
-2114,2030,298,-211
-2113,2030,369,-325
-2111,2029,158,-522
-2110,2027,-109,-409
-2109,2025,59,-560
-2109,2024,-275,-573
-2109,2022,26,-605
-2110,2020,-190,-431
-2110,2019,-151,-531
-2111,2017,-220,-520
-2112,2016,-526,-548
-2114,2014,-584,-561
-2116,2013,-628,-557
-2118,2011,-428,-580
-2120,2010,-456,-610
-2122,2008,-481,-631
-2124,2006,-509,-427
-2127,2004,-543,-798
-2128,2002,-129,-542
-2127,2002,-327,-223
-2127,2000,-128,-532
-2127,1998,122,-625
-2127,1996,-293,-583
-2126,1994,-122,-421
-2126,1992,-118,-502
-2125,1989,-69,-781
-2124,1987,-92,-628
-2123,1985,278,-432
-2121,1983,236,-493
-2118,1980,553,-439
-2116,1979,615,-520
-2113,1978,515,-327
-2111,1978,-54,76
-2110,1978,176,-282
-2107,1977,554,-215
-2104,1976,236,-593
-2102,1975,232,-252
-2100,1973,132,-390
-2098,1971,-36,-407
-2097,1969,-83,-606
-2098,1967,85,-621
-2098,1967,-276,-14
-2098,1969,-342,380
-2098,1970,-153,-295
-2099,1969,-324,-542
-2099,1968,-305,-227
-2100,1968,-344,-108
-2100,1969,-142,-33
-2101,1969,-278,23
-2101,1969,68,-170
-2100,1968,111,-368
-2100,1968,-352,45
-2101,1969,-272,80
-2101,1968,-308,-401
-2101,1966,-343,-586
-2101,1964,112,-400
-2100,1963,-128,-216
-2100,1962,121,-193
-2099,1961,-109,-155
-2098,1960,-102,-372
-2098,1960,-114,-350
-2097,1959,-89,25
-2095,1960,332,27
-2094,1960,313,3
-2092,1959,-1,-601
-2092,1957,-380,-483
-2093,1955,-288,26
-2093,1956,-294,265
-2093,1957,-129,106
-2094,1957,-131,-349
-2094,1956,-260,-531
-2093,1953,550,-819
-2091,1952,63,107
-2090,1952,298,-581
-2089,1951,285,-523
-2088,1949,284,-537
-2086,1948,102,57
-2086,1949,-111,123
-2085,1949,102,-580
-2085,1947,36,-579
-2086,1945,-200,-572
-2086,1944,44,-380
-2086,1943,-154,-243
-2088,1942,-601,-176
-2089,1942,-563,-130
-2091,1941,-624,-319
-2092,1941,-358,22
-2092,1941,-188,98
-2094,1941,-838,-368
-2097,1940,-857,-599
-2100,1938,-536,-519
-2101,1937,-348,-383
-2101,1937,-351,-158
-2102,1936,0,-365
-2102,1935,16,-187
-2101,1934,43,-515
-2101,1933,-368,30
-2102,1933,-353,-199
-2102,1931,-277,-535
-2102,1930,-272,-250
-2102,1930,127,56
-2101,1930,-19,125
-2099,1931,350,-289
-2099,1930,270,-289
-2097,1930,295,-272
-2096,1930,-16,51
-2094,1931,366,121
-2092,1932,560,286
-2089,1933,166,-81
-2087,1934,512,334
-2085,1936,134,332
-2083,1938,336,327
-2081,1939,177,372
-2078,1941,193,268
-2075,1942,467,-128
-2072,1942,546,7
-2070,1942,185,-372
-2071,1942,-239,-364
-2072,1941,-135,-243
-2070,1940,396,78
-2067,1941,481,-26
-2064,1942,366,273
-2063,1943,-241,116
-2064,1944,-309,-13
-2063,1946,375,-52
-2061,1946,208,53
-2059,1946,171,-274
-2057,1946,-39,89
-2056,1947,85,79
-2057,1946,-527,-543
-2058,1945,-549,-570
-2061,1944,-550,-233
-2138,1983,-380,48
-2138,1983,-373,46
-2138,1983,22,65
-2138,1983,104,-290
-2137,1983,95,-298
-2137,1983,-106,13
-2136,1983,-116,39
-2136,1983,-568,-302
-2138,1982,-401,-515
-2139,1982,17,-277
-2140,1981,-356,59
-2140,1982,-379,-88
-2141,1982,-339,-310
-2141,1981,-299,-227
-2140,1980,-102,-624
-2140,1978,19,-179
-2139,1976,344,-409
-2137,1975,-86,-195
-2137,1974,-71,-179
-2135,1973,266,-196
-2134,1972,-11,-307
-2132,1971,201,-594
-2130,1969,383,-864
-2128,1965,311,-686
-2127,1963,-276,-400
-2127,1961,119,-781
-2126,1958,70,-452
-2126,1956,36,-800
-2126,1953,85,-784
-2125,1951,56,-488
-2126,1948,-157,-847
-2126,1945,-201,-818
-2128,1943,-502,-587
-2131,1941,-422,-614
-2132,1939,-150,-806
-2132,1936,-91,-802
-2132,1934,66,-420
-2131,1933,87,-266
-2131,1933,287,341
-2129,1936,314,232
-2128,1938,-102,141
-2126,1939,295,-76
-2125,1940,-13,-105
-2125,1941,-347,46
-2125,1941,-276,-290
-2125,1941,-58,-104
-2123,1943,-13,558
-2122,1946,-83,592
-2122,1948,-23,342
-2120,1949,155,-82
-2119,1950,-547,311
-2122,1952,-778,271
-2124,1953,-808,-135
-2125,1952,117,-325
-2124,1952,-245,-140
-2125,1951,-148,-367
-2126,1950,-560,-177
-2128,1949,-437,-161
-2130,1948,-498,-166
-2133,1948,-443,-365
-2135,1948,-503,40
-2137,1948,-448,-28
-2139,1950,-360,164
-2139,1952,1,241
-2138,1955,-2,254
-2137,1957,146,303
-2135,1958,350,-38
-2133,1959,128,-56
-2131,1960,565,-110
-2128,1961,546,2
-2125,1960,536,-306
-2123,1959,368,-638
-2122,1958,-9,-537
-2120,1956,380,-585
-2119,1955,285,-366
-2116,1955,810,-370
-2112,1954,507,-293
-2108,1954,609,9
-2106,1955,159,24
-2104,1955,366,92
-2102,1956,89,91
-2101,1956,360,-259
-2099,1955,164,-346
-2098,1956,71,-69
-2097,1957,197,80
-2094,1957,579,-266
-2091,1957,425,8
-2088,1957,530,-275
-2086,1956,517,-337
-2083,1956,135,-158
-2082,1955,372,62
-2080,1957,326,337
-2079,1959,47,535
-2079,1960,-40,42
-2078,1960,78,-84
-2078,1961,-201,340
-2080,1963,-399,-47
-2082,1964,-628,122
-2083,1964,32,-316
-2083,1963,18,-161
-2083,1963,-186,18
-2085,1964,-421,171
-2087,1966,-591,354
-2089,1967,-388,-94
-2091,1968,-421,107
-2093,1968,-601,-92
-2094,1969,-149,-104
-2094,1970,85,112
-2093,1970,-93,63
-2093,1971,-89,-122
-2092,1972,-97,-91
-2091,1972,-125,101
-2091,1972,-196,-271
-2092,1972,-371,-161
-2093,1971,-150,-337
-2094,1971,-637,-29
-2095,1972,-581,-89
-2097,1973,-583,-103
-2099,1974,-422,313
-2101,1975,-631,351
-2102,1978,-208,559
-2103,1981,-339,571
-2103,1983,-307,162
-2103,1985,54,305
-2102,1987,-114,315
-2101,1988,-20,274
-2100,1989,359,-66
-2098,1990,370,-121
-2096,1991,352,-89
-2094,1992,241,256
-2091,1993,516,-9
-2089,1994,562,372
-2086,1996,190,330
-2086,1997,-241,-57
-2088,1999,-566,-16
-2089,2000,-161,316
-2088,2001,308,-288
-2086,2001,371,-298
-2085,2000,-9,-203
-2084,1999,-24,-178
-2083,1998,-351,-443
-2084,1995,-393,-498
-2087,1993,-445,-569
-2087,1992,-19,-269
-2086,1993,-53,74
-2086,1993,91,103
-2086,1993,-207,-544
-2087,1990,-611,-739
-2089,1986,-518,-871
-2090,1984,-179,-601
-2091,1982,-166,-546
-2092,1981,-147,-527
-2092,1980,-378,-532
-2093,1978,-317,-826
-2093,1975,16,-827
-2093,1972,-47,-652
-2091,1969,162,-890
-2089,1966,140,-470
-2087,1964,281,-595
-2086,1963,358,-214
-2084,1962,123,-260
-2083,1961,-91,-569
-2083,1958,90,-877
-2082,1956,103,-203
-2082,1955,-286,-147
-2083,1954,-379,-142
-2083,1954,-230,-214
-2085,1952,-557,-251
-2086,1951,-235,-518
-2087,1950,-253,-221
-2088,1949,-153,-149
-2089,1948,-176,-187
-2090,1947,-210,-250
-2092,1944,-624,-867
-2093,1942,-604,-490
-2095,1940,-533,-438
-2096,1937,-234,-420
-2097,1935,-206,-405
-2098,1933,-534,-467
-2101,1930,-448,-437
-2102,1929,-614,-175
-2103,1928,-328,-529
-2103,1926,-278,-571
-2104,1924,-305,-406
-2104,1923,25,-558
-2103,1922,-18,-270
-2102,1921,323,-183
-2100,1920,-33,-170
-2100,1920,-278,-185
-2100,2175,-566,-271
-2103,2175,-726,-68
-2105,1920,31,-121
-2105,1921,-79,-87
-2104,1922,38,-66
-2105,1923,-437,-273
-2108,1922,-636,-315
-2109,1923,-240,-69
-2110,1924,-174,-41
-2111,1924,13,-313
-2110,1923,101,-516
-2108,1922,-29,-537
-2107,1921,257,-521
-2106,2175,329,-174
-2104,2175,286,-267
-2103,2175,-107,-115
-2102,1920,75,-311
-2102,1920,36,-130
-2102,1920,28,77
-2101,1921,-87,330
-2100,1923,-65,220
-2100,1925,-133,-26
-2101,1926,-215,-49
-2102,1927,-523,-92
-2103,1928,-120,-37
-2102,1929,-98,-24
-2101,1930,-113,256
-2100,1931,288,-34
-2098,1932,365,256
-2096,1934,357,287
-2095,1935,342,302
-2093,1937,204,375
-2091,1939,376,350
-2089,1941,198,144
-2086,1943,217,357
-2084,1944,209,312
-2081,1946,631,345
-2078,1948,428,321
-2075,1949,392,-29
-2072,1950,636,33
-2069,1950,232,14
-2067,1950,91,-116
-2068,1951,-172,-81
-2069,1952,-201,306
-2069,1953,48,1
-2069,1952,-358,-428
-2070,1949,-167,-694
-2070,1948,-301,-257
-2071,1948,-158,42
-2072,1948,-147,-302
-2072,1948,33,-534
-2071,1946,629,-490
-2069,1944,-304,-299
-2070,1944,-348,0
-2070,1944,43,-191
-2069,1942,-66,-444
-2068,1940,-99,-396
-2067,1938,293,-209
-2066,1937,91,-220
-2066,1936,-141,-213
-2067,1935,-194,-209
-2069,1935,-613,549
-2070,1937,-551,195
-2072,1940,-250,212
-2073,1942,-201,219
-2074,1944,-150,226
-2074,1946,-268,10
-2074,1946,8,-65
-2074,1947,-363,-84
-2075,1948,-387,-97
-2078,1949,-499,125
-2080,1949,-531,-124
-2081,1950,-179,356
-2082,1951,-228,-188
-2083,1949,-220,-413
-2083,1946,49,-507
-2083,1944,61,-541
-2082,1943,126,-247
-2082,1942,-91,-238
-2081,1941,120,-174
-2080,1939,-48,-517
-2079,1938,-11,-233
-2078,1937,24,-206
-2078,1936,-205,-292
-2079,1936,-374,-295
-2079,1936,48,-125
-2079,1937,113,259
-2078,1939,126,280
-2078,1940,-260,172
-2078,1943,-356,241
-2079,1945,-539,367
-2080,1946,127,10
-2080,1946,-223,101
-2081,1947,-162,39
-2082,1947,-556,36
-2084,1947,-426,98
-2086,1948,-496,97
-2088,1948,-461,55
-2091,1948,-822,88
-2094,1949,-853,-290
-2097,1948,-446,-305
-2099,1948,-590,-379
-2100,1947,-542,-240
-2101,1946,-597,-616
-2103,1944,-396,-435
-2105,1941,-441,-435
-2108,1939,-402,-433
-2109,1937,-583,-386
-2111,1935,-574,-500
-2112,1932,-149,-685
-2113,1929,-296,-877
-2113,1926,55,-798
-2112,1924,-306,-417
-2112,1922,335,-560
-2110,1920,327,-255
-2108,1920,149,38
-2106,1920,-51,31
-2104,1921,196,-79
-2102,1922,175,-86
-2100,1923,162,-8
-2098,1924,363,-4
-2097,1925,315,-21
-2095,1926,131,322
-2094,1928,268,262
-2091,1929,607,-23
-2088,1930,534,121
-2086,1930,228,82
-2083,1931,209,105
-2081,1931,188,67
-2079,1932,381,-275
-2078,1931,-42,-154
-2077,1930,79,-184
-2077,1930,-225,-297
-2079,1930,-390,-279
-2081,1930,-619,279
-2082,1931,-590,268
-2084,1932,-208,-73
-2085,1933,-228,-30
-2086,1935,-181,-21
-2087,1936,-373,-16
-2087,1937,-335,278
-2087,1939,-298,330
-2087,1940,-123,-22
-2087,1942,-342,532
-2088,1945,-248,530
-2090,1948,-413,145
-2092,1949,-785,-49
-2094,1951,-254,219
-2095,1953,-164,562
-2096,1955,-592,-162
-2098,1953,-565,-438
-2099,1950,-314,-776
-2099,1948,-38,-462
-2098,1946,-106,-524
-2097,1945,-85,-233
-2096,1944,-58,-206
-2096,1943,-91,-200
-2094,1942,173,-597
-2091,1940,522,-524
-2089,1939,568,-368
-2086,1939,208,-307
-2084,1938,145,-279
-2082,1938,367,16
-2080,1938,549,-314
-2077,1938,544,-253
-2075,1936,185,-627
-2073,1934,-11,-625
-2072,1934,-160,289
-2074,1935,-588,345
-2075,1936,-546,0
-2076,1935,-34,-578
-2073,1934,440,-538
-2070,1932,-129,27
-2071,1933,-164,108
-2072,1933,-293,54
-2071,1933,-78,-429
-2070,1930,279,-464
-2069,1926,-36,-852
-2069,1926,-283,-86
-2069,1927,68,-370
-2068,1925,286,-553
-2066,1924,123,-198
-2066,1923,5,-182
-2066,1922,-323,-129
-2066,1922,28,5
-2066,1923,84,382
-2065,1926,118,242
-2065,1927,98,-102
-2064,1928,85,90
-2065,1928,-575,49
-2067,1928,-810,-260
-2070,1928,-442,-329
-2071,1927,-223,11
-2073,1927,-434,-172
-2075,1926,-396,-555
-2076,1923,-319,-464
-2076,1921,-144,-562
-2077,2175,-362,-432
-2077,2173,292,-430
-2075,2172,165,-173
-2072,2172,223,96
-2073,2172,-20,75
-2071,2173,317,-108
-2070,2173,304,-114
-2068,2174,289,-32
-2067,2175,257,-17
-2065,1920,-34,113
-2064,1922,330,343
-2064,1924,-312,518
-2064,1926,53,296
-2064,1928,-371,371
-2065,1930,-229,167
-2066,1932,-408,525
-2068,1934,-404,130
-2070,1936,-635,289
-2072,1937,-432,-36
-2074,1938,-821,-77
-2077,1939,-838,86
-2080,1939,-876,-279
-2084,1939,-887,-168
-2086,1938,-504,-205
-2089,1936,-417,-574
-2090,1935,-194,-373
-2091,1935,-550,-336
-2094,1935,-658,-280
-2097,1934,-783,-311
-2099,1934,-433,71
-2102,1935,-438,15
-2104,1935,-412,9
-2105,1936,-189,167
-2106,1938,-13,182
-2105,1939,-364,-61
-2106,1941,-334,345
-2106,1942,-101,299
-2104,1943,605,50
-2101,1943,548,-295
-2099,1943,131,15
-2096,1943,206,-281
-2094,1942,140,-290
-2092,1942,150,-338
-2091,1941,-114,-492
-2090,1939,82,-465
-2089,1937,115,-609
-2088,1935,-88,-411
-2087,1933,-80,-536
-2085,1931,237,-442
-2083,1929,545,-530
-2080,1928,198,-371
-2079,1927,270,-303
-2077,1927,256,-288
-2076,1927,-33,-261
-2075,1927,-8,90
-2073,1928,521,107
-2071,1929,542,-62
-2068,1930,181,274
-2066,1931,128,374
-2064,1933,-2,367
-2064,1933,-278,-196
-2065,1934,-296,-42
-2065,1935,-294,163
-2065,1938,50,564
-2064,1941,92,209
-2064,1943,106,143
-2063,1945,125,360
-2063,1946,-104,332
-2062,1948,-34,372
